Year,FAR EMB CO2,FAR EMB T Best,FAR EMB T Low,FAR EMB T High,FAR EMB F,FAR GFDL CO2,FAR GFDL T,FAR GFDL F,FAR UKMET CO2,FAR UKMET T,FAR UKMET F,SAR EMB CO2,SAR EMB T Best,SAR EMB T Low,SAR EMB T High,SAR EMB F,SAR MP01GG01 CO2e,SAR MP01GG01 T,SAR MP01GG01 F,SAR CS01GG01 CO2e,SAR CS01GG01 T,SAR CS01GG01 F,SAR GF01GG01 CO2,SAR GF01GG01 T,SAR GF01GG01 F,SAR DK01GG01 CO2e,SAR DK01GG01 T,SAR DK01GG01 F,SAR NC01GG01 CO2e,SAR NC01GG01 T,SAR NC01GG01 F,SAR HC02GG01 CO2,SAR HC02GG01 T,SAR HC02GG01 F,SAR HC01GG01 CO2e,SAR HC01GG01 T,SAR HC01GG01 F,SAR HC01GG02 CO2e,SAR HC01GG02 T,SAR HC01GG02 F,SAR HC01GG03 CO2e,SAR HC01GG03 T,SAR HC01GG03 F,SAR HC01GG04 CO2e,SAR HC01GG04 T,SAR HC01GG04 F,SAR NI01GG01 CO2e,SAR NI01GG01 T,SAR NI01GG01 F,SAR CC01GG01 CO2,SAR CC01GG01 T,SAR CC01GG01 F,TAR EBM CO2,TAR EMB T Best,TAR EMB T Low,TAR EMB T High,TAR EMB F,TAR EH4OPYC_A2 CO2,TAR EH4OPYC_A2 T,TAR EH4OPYC_A2 F,TAR HADCM3_A2 CO2,TAR HADCM3_A2 T,TAR HADCM3_A2 F,TAR CSIRO_A2 CO2,TAR CSIRO_A2 T,TAR CSIRO_A2 F,TAR NCAR-CSM_A2 CO2,TAR NCAR-CSM_A2 T,TAR NCAR-CSM_A2 F,TAR CGCM2_A2 CO2,TAR CGCM2_A2 T,TAR CGCM2_A2 F,TAR CCSRNIES_A2 CO2,TAR CCSRNIES_A2 T,TAR CCSRNIES_A2 F
1880,,0.155855198,,,,,,,,,,,,,,,,288.0065,,,,,,,,,287.6274,,,,,,286.858,,,286.8108,,,286.7482,,,286.5944,,,287.0114,,,,,,,,,,,,,,,,,,,,,,,,,,,,,,
1881,,0.1566211,,,,,,,,,,,,,,,,287.8932,,,286.9816,,,,,,287.601,,,,,,286.8233,,,286.7916,,,286.8445,,,286.6997,,,286.969,,,,,,,,,,,,,,,,,,,,,,,,,,,,,,
1882,,0.157620462,,,,,,,,,,,,,,,,287.8714,,,286.9482,,,,,,287.5845,,,,,,286.8574,,,286.5793,,,286.851,,,286.7519,,,286.9847,,,,,,,,,,,,,,,,,,,,,,,,,,,,,,
1883,,0.158619823,,,,,,,,,,,,,,,,287.9172,,,287.0597,,,,,,287.6118,,,,,,286.7015,,,286.7474,,,286.8437,,,286.9285,,,287.0859,,,,,,,,,,,,,,,,,,,,,,,,,,,,,,
1884,,0.159619185,,,,,,,,,,,,,,,,287.9285,,,287.077,,,,,,287.618,,,,,,286.6897,,,286.8419,,,286.9987,,,286.9646,,,287.1215,,,,,,,,,,,,,,,,,,,,,,,,,,,,,,
1885,,0.160618547,,,,,,,,,,,,,,,,287.9484,,,287.071,,,,,,287.7461,,,,,,286.5803,,,286.8641,,,286.9013,,,287.0334,,,287.1667,,,,,,,,,,,,,,,,,,,,,,,,,,,,,,
1886,,0.161617908,,,,,,,,,,,,,,,,288.0534,,,287.0887,,,,,,287.7601,,,,,,286.5929,,,286.8679,,,286.7819,,,286.9487,,,287.0905,,,,,,,,,,,,,,,,,,,,,,,,,,,,,,
1887,,0.16261727,,,,,,,,,,,,,,,,288.0974,,,287.0426,,,,,,287.6345,,,,,,286.6019,,,286.8924,,,286.8112,,,286.8728,,,286.9906,,,,,,,,,,,,,,,,,,,,,,,,,,,,,,
1888,,0.16697268,,,,,,,,,,,,,,,,287.9761,,,287.0783,,,,,,287.6325,,,,,,286.8682,,,286.9155,,,286.9513,,,287.0132,,,287.0093,,,,,,,,,,,,,,,,,,,,,,,,,,,,,,
1889,,0.17132809,,,,,,,,,,,,,,,,287.9897,,,287.0744,,,,,,287.6381,,,,,,286.9218,,,286.914,,,286.9515,,,286.935,,,286.9546,,,,,,,,,,,,,,,,,,,,,,,,,,,,,,
1890,,0.1756835,,,,,,,,,,,,,,,,287.8951,,,287.0215,,,,,,287.599,,,,,,286.5335,,,286.8278,,,286.9337,,,286.9727,,,286.9563,,,287.4029,,,,,,,,,,,,,,,,,,,,,,,,,,287.7122,
1891,,0.18003891,,,,,,,,,,,,,,,,287.8918,,,286.9993,,,,,,287.5705,,,,,,286.5378,,,286.5336,,,286.9251,,,287.1773,,,286.9846,,,287.5831,,,,,,,,,,,,,,,,,,,,,,,,,,287.8271,
1892,,0.18439432,,,,,,,,,,,,,,,,287.9518,,,287.0977,,,,,,287.6572,,,,,,286.846,,,286.7658,,,287.1511,,,286.9865,,,287.122,,,287.4876,,,,,,,,,,,,,,,,,,,,,,,,,,287.6139,
1893,,0.18874973,,,,,,,,,,,,,,,,287.9367,,,287.0377,,,,,,287.6264,,,,,,286.8146,,,286.9059,,,286.9766,,,286.9844,,,287.0416,,,287.5564,,,,,,,,,,,,,,,,,,,,,,,,,,287.5772,
1894,,0.19310514,,,,,,,,,,,,,,,,287.8938,,,286.9412,,,,,,287.4825,,,,,,286.9223,,,286.812,,,286.9366,,,286.8515,,,286.9926,,,287.4357,,,,,,,,,,,,,,,,,,,,,,,,,,287.6301,
1895,,0.19746055,,,,,,,,,,,,,,,,287.7898,,,287.0364,,,,,,287.5009,,,,,,286.9226,,,287.0395,,,286.9507,,,287.006,,,287.0311,,,287.4443,,,,,,,,,,,,,,,,,,,,,,,,,,287.679,
1896,,0.20069855,,,,,,,,,,,,,,,,287.9235,,,286.976,,,,,,287.4774,,,,,,286.6898,,,287.2406,,,286.8821,,,287.0733,,,286.8711,,,287.3792,,,,,,,,,,,,,,,,,,,,,,,,,,287.6648,
1897,,0.20393655,,,,,,,,,,,,,,,,287.8981,,,286.9525,,,,,,287.5746,,,,,,286.8535,,,286.9603,,,286.809,,,287.2113,,,287.0966,,,287.5161,,,,,,,,,,,,,,,,,,,,,,,,,,287.7256,
1898,,0.20717455,,,,,,,,,,,,,,,,287.9178,,,287.0342,,,,,,287.5696,,,,,,286.8424,,,286.861,,,286.9516,,,287.2352,,,287.0976,,,287.4335,,,,,,,,,,,,,,,,,,,,,,,,,,287.7435,
1899,,0.21041255,,,,,,,,,,,,,,,,287.8455,,,287.0287,,,,,,287.4887,,,,,,286.9053,,,286.8071,,,286.8985,,,286.8393,,,286.9248,,,287.5023,,,,,,,,,,,,,,,,,,,,,,,,,,287.7316,
1900,,0.21365055,,,0.5726395,,,,,,,,,,,,,287.9044,,,287.0254,,,,,,287.5055,,,289.886,,,287.0145,,,286.8721,,,286.8046,,,286.7501,,,286.9565,,,287.3991,,,287.3767,,,,,,,,,,,,,,,,,,,,286.9176,,,287.6606,
1901,,0.21688855,,,0.582138953,,,,,,,,,,,,,287.9635,,,286.9918,,,,,,287.5681,,,289.8942,,,286.9063,,,286.8812,,,286.9077,,,286.8968,,,286.9179,,,287.3033,,,287.4,,,,,,,,,,,,,,,,,,,,286.8366,,,287.7215,
1902,,0.22012655,,,0.591638406,,,,,,,,,,,,,287.9016,,,286.9022,,,,,,287.5394,,,289.6406,,,286.8746,,,286.8793,,,286.8722,,,287.0309,,,286.8573,,,287.4715,,,287.3423,,,,,,,,,,,,,,,,,,,,286.7584,,,287.783,
1903,,0.22336455,,,0.601137859,,,,,,,,,,,,,287.9453,,,286.8101,,,,,,287.5462,,,289.8714,,,286.9105,,,286.9048,,,286.8373,,,287.2502,,,286.978,,,287.4431,,,287.4764,,,,,,,,,,,,,,,,,,,,286.7115,,,287.8126,
1904,,0.22660255,,,0.610637312,,,,,,,,,,,,,287.9433,,,286.9031,,,,,,287.5712,,,289.8218,,,286.7437,,,286.9369,,,286.7951,,,287.0252,,,287.0191,,,287.3991,,,287.5172,,,,,,,,,,,,,,,,,,,,286.7312,,,287.5789,
1905,,0.231246137,,,0.620136765,,,,,,,,,,,,,287.9773,,,286.9474,,,,,,287.5795,,,289.4726,,,286.8485,,,286.9355,,,286.8521,,,287.0385,,,286.8323,,,287.1168,,,287.3666,,,,,,,,,,,,,,,,,,,,286.6873,,,287.6245,
1906,,0.235889724,,,0.629636218,,,,,,,,,,,,,288.0022,,,286.9699,,,,,,287.5883,,,289.6279,,,286.8358,,,286.969,,,286.8331,,,286.9491,,,287.0236,,,287.2425,,,287.4522,,,,,,,,,,,,,,,,,,,,286.768,,,287.7379,
1907,,0.240533312,,,0.639135671,,,,,,,,,,,,,287.9795,,,286.9365,,,,,,287.5142,,,289.452,,,286.8806,,,286.9156,,,286.6738,,,1134.736,,,287.1926,,,287.3631,,,287.3947,,,,,,,,,,,,,,,,,,,,286.8296,,,287.7933,
1908,,0.245176899,,,0.648635124,,,,,,,,,,,,,287.9964,,,286.9995,,,,,,287.5213,,,289.6834,,,287.0745,,,286.9751,,,286.885,,,286.9882,,,287.0334,,,287.4287,,,287.503,,,,,,,,,,,,,,,,,,,,286.7598,,,287.7113,
1909,,0.249820486,,,0.658134577,,,,,,,,,,,,,288.0606,,,286.9943,,,,,,287.5,,,290.0429,,,286.7808,,,287.1429,,,286.9733,,,286.8946,,,287.0718,,,287.6074,,,287.4716,,,,,,,,,,,,,,,,,,,,286.8012,,,287.7332,
1910,,0.254464073,,,0.66763403,,,,,,,,,,,,,287.9455,,,286.9436,,,,,,287.5188,,,290.135,,,286.9238,,,287.0704,,,286.9043,,,287.1287,,,287.0851,,,287.6981,,,287.4397,,,,,,,,,,,,,,,,,,,,286.7794,,,287.642,
1911,,0.25910766,,,0.677133483,,,,,,,,,,,,,288.0301,,,286.9851,,,,,,287.5499,,,289.7781,,,286.8922,,,286.8228,,,286.8502,,,287.2322,,,286.8955,,,287.6679,,,287.4878,,,,,,,,,,,,,,,,,,,,286.8506,,,287.6347,
1912,,0.263751248,,,0.686632936,,,,,,,,,,,,,288.0732,,,287.0203,,,,,,287.4389,,,289.9747,,,286.8206,,,287.0646,,,286.9293,,,287.167,,,286.8512,,,287.467,,,287.4343,,,,,,,,,,,,,,,,,,,,286.7664,,,287.7299,
1913,,0.268394835,,,0.696132389,,,,,,,,,,,,,287.9182,,,287.0435,,,,,,287.5766,,,290.0342,,,287.0636,,,287.0495,,,287.091,,,287.123,,,287.0387,,,287.343,,,287.3697,,,,,,,,,,,,,,,,,,,,286.8143,,,287.6008,
1914,,0.273038422,,,0.705631842,,,,,,,,,,,,,287.9514,,,286.9851,,,,,,287.5208,,,290.1596,,,286.9995,,,286.8524,,,287.0128,,,286.9558,,,286.9566,,,287.6028,,,287.4317,,,,,,,,,,,,,,,,,,,,286.8867,,,287.6785,
1915,,0.277682009,,,0.715131295,,,,,,,,,,,,,288.0563,,,287.0424,,,,,,287.537,,,290.3384,,,286.7583,,,286.683,,,287.1818,,,287.0104,,,286.9801,,,287.6157,,,287.5197,,,,,,,,,,,,,,,,,,,,286.9964,,,287.6992,
1916,,0.282325596,,,0.724630748,,,,,,,,,,,,,288.0572,,,287.0389,,,,,,287.5769,,,290.6098,,,286.717,,,286.5964,,,287.1065,,,287.0948,,,287.1383,,,287.4574,,,287.5017,,,,,,,,,,,,,,,,,,,,286.9755,,,287.6525,
1917,,0.286969184,,,0.734130201,,,,,,,,,,,,,288.1016,,,287.1749,,,,,,287.5908,,,289.9285,,,286.8,,,286.7219,,,286.9199,,,286.9151,,,287.0846,,,287.1916,,,287.4879,,,,,,,,,,,,,,,,,,,,287.0059,,,287.6211,
1918,,0.291612771,,,0.743629654,,,,,,,,,,,,,288.1353,,,287.1382,,,,,,287.5041,,,290.0882,,,286.9076,,,286.8378,,,286.7333,,,286.9645,,,287.0663,,,287.5787,,,287.4223,,,,,,,,,,,,,,,,,,,,286.8708,,,287.6023,
1919,,0.296256358,,,0.753129107,,,,,,,,,,,,,288.0965,,,287.0287,,,,,,287.5424,,,290.2955,,,286.8158,,,287.0112,,,286.7955,,,287.0056,,,287.0908,,,287.7277,,,287.4969,,,,,,,,,,,,,,,,,,,,286.998,,,287.6547,
1920,,0.300899945,,,0.76262856,,,,,,,,,,,,,288.2306,,,287.1377,,,,,,287.5139,,,290.3653,,,286.8625,,,287.0371,,,286.7899,,,287.2191,,,287.1133,,,287.5234,,,287.5761,,,,,,,,,,,,,,,,,,,,286.9011,,,287.7238,
1921,,0.305543532,,,0.7722588,,,,,,,,,,,,,288.225,,,287.2294,,,,,,287.6184,,,290.3702,,,286.8782,,,287.1932,,,287.1136,,,287.252,,,287.229,,,287.5707,,,287.4927,,,,,,,,,,,,,,,,,,,,286.954,,,287.5534,
1922,,0.31018712,,,0.78188904,,,,,,,,,,,,,288.111,,,287.0807,,,,,,287.5498,,,290.3983,,,286.8894,,,286.8551,,,287.145,,,287.1752,,,287.1712,,,287.4577,,,287.5086,,,,,,,,,,,,,,,,,,,,286.9467,,,287.6366,
1923,,0.314830707,,,0.79151928,,,,,,,,,,,,,288.1543,,,287.1467,,,,,,287.6392,,,290.4631,,,286.9282,,,286.9219,,,287.2539,,,287.1404,,,287.3041,,,287.6137,,,287.446,,,,,,,,,,,,,,,,,,,,286.9401,,,287.6402,
1924,,0.319474294,,,0.80114952,,,,,,,,,,,,,288.1723,,,287.1836,,,,,,287.6055,,,290.4316,,,286.8994,,,286.9994,,,287.209,,,287.3231,,,287.1006,,,287.6192,,,287.5255,,,,,,,,,,,,,,,,,,,,286.8624,,,287.666,
1925,,0.324117881,,,0.81077976,,,,,,,,,,,,,288.1844,,,287.1346,,,,,,287.5367,,,290.3508,,,286.8305,,,287.1017,,,287.142,,,287.2226,,,287.1345,,,287.4719,,,287.5184,,,,,,,,,,,,,,,,,,,,286.8534,,,287.6056,
1926,,0.328761468,,,0.82041,,,,,,,,,,,,,288.1455,,,287.1223,,,,,,287.5327,,,290.1635,,,286.856,,,287.0585,,,287.2339,,,287.2036,,,286.9481,,,287.5265,,,287.5729,,,,,,,,,,,,,,,,,,,,286.8887,,,287.6342,
1927,,0.333405056,,,0.835293667,,,,,,,,,,,,,288.2054,,,287.0297,,,,,,287.4789,,,290.1748,,,286.9175,,,287.0511,,,287.2383,,,287.1694,,,287.0191,,,287.699,,,287.638,,,,,,,,,,,,,,,,,,,,286.9566,,,287.5114,
1928,,0.338048643,,,0.850177333,,,,,,,,,,,,,288.1079,,,287.0823,,,,,,287.5041,,,290.1605,,,286.8299,,,287.3044,,,287.1754,,,287.1601,,,287.1058,,,287.4404,,,287.6902,,,,,,,,,,,,,,,,,,,,286.9132,,,287.6017,
1929,,0.34269223,,,0.865061,,,,,,,,,,,,,288.0926,,,287.0183,,,,,,287.5229,,,290.2026,,,286.936,,,287.1024,,,287.0948,,,287.0897,,,287.0701,,,287.4099,,,287.6679,,,,,,,,,,,,,,,,,,,,286.9367,,,287.5952,
1930,,0.342739889,,,0.872159775,,,,,,,,,,,,,288.1044,,,287.1163,,,,,,287.6361,,,290.3586,,,287.0878,,,286.8913,,,287.2169,,,286.9272,,,287.1087,,,287.7491,,,287.5273,,,,,,,,,,,,,,,,,,,,286.9086,,,287.6091,
1931,,0.342787548,,,0.87925855,,,,,,,,,,,,,288.0916,,,287.1405,,,,,,287.6734,,,290.3744,,,286.9007,,,287.0039,,,286.935,,,286.9651,,,287.0447,,,287.5868,,,287.4935,,,,,,,,,,,,,,,,,,,,286.9198,,,287.7246,
1932,,0.342835207,,,0.886357325,,,,,,,,,,,,,288.0401,,,287.0875,,,,,,287.6964,,,290.5333,,,286.7413,,,287.0369,,,287.0815,,,286.9124,,,287.074,,,287.4656,,,287.6252,,,,,,,,,,,,,,,,,,,,287.0458,,,287.7889,
1933,,0.342882866,,,0.8934561,,,,,,,,,,,,,288.0269,,,287.2004,,,,,,287.7188,,,290.2766,,,286.7103,,,286.87,,,286.9527,,,286.9457,,,287.0941,,,287.3315,,,287.6244,,,,,,,,,,,,,,,,,,,,287.1324,,,287.7795,
1934,,0.342930525,,,0.907447612,,,,,,,,,,,,,288.0504,,,287.2386,,,,,,287.7236,,,290.1865,,,286.873,,,286.889,,,287.0184,,,287.1302,,,287.0379,,,287.591,,,287.5337,,,,,,,,,,,,,,,,,,,,287.0672,,,287.7276,
1935,,0.342978185,,,0.921439124,,,,,,,,,,,,,288.0349,,,287.2831,,,,,,287.6319,,,290.4143,,,287.0373,,,287.0592,,,287.0294,,,287.1999,,,287.1123,,,287.4426,,,287.5133,,,,,,,,,,,,,,,,,,,,287.0247,,,287.6211,
1936,,0.343025844,,,0.935430636,,,,,,,,,,,,,287.9389,,,287.2851,,,,,,287.645,,,290.168,,,286.8855,,,287.0918,,,286.9352,,,287.2661,,,287.1951,,,287.4277,,,287.5813,,,,,,,,,,,,,,,,,,,,287.0757,,,287.8429,
1937,,0.343073503,,,0.949422148,,,,,,,,,,,,,287.9384,,,287.2515,,,,,,287.6399,,,290.1952,,,286.7494,,,287.086,,,286.9436,,,287.3867,,,287.0584,,,287.5478,,,287.5414,,,,,,,,,,,,,,,,,,,,287.0971,,,287.7325,
1938,,0.343121162,,,0.96341366,,,,,,,,,,,,,287.9365,,,287.2381,,,,,,287.724,,,290.3257,,,286.9955,,,287.1815,,,287.063,,,287.2519,,,287.3742,,,287.5644,,,287.5567,,,,,,,,,,,,,,,,,,,,286.9568,,,287.5677,
1939,,0.343168821,,,0.97360229,,,,,,,,,,,,,287.959,,,287.1829,,,,,,287.6867,,,290.2403,,,286.9593,,,287.1361,,,287.0481,,,287.1632,,,287.3398,,,287.5627,,,287.5045,,,,,,,,,,,,,,,,,,,,287.0107,,,287.6383,
1940,,0.34321648,,,0.98379092,,,,,,,,,,,,,288.0362,,,287.1451,,,,,,287.6727,,,290.466,,,286.8012,,,287.1271,,,287.1486,,,286.952,,,287.0272,,,287.4425,,,287.4918,,,,,,,,,,,,,,,,,,,,287.0855,,,287.7041,
1941,,0.349489515,,,0.99397955,,,,,,,,,,,,,287.973,,,287.2398,,,,,,287.8104,,,290.593,,,286.9759,,,286.9499,,,287.1038,,,287.0432,,,287.2518,,,287.5097,,,287.5731,,,,,,,,,,,,,,,,,,,,287.0356,,,287.6641,
1942,,0.35576255,,,1.00416818,,,,,,,,,,,,,287.9983,,,287.2176,,,,,,287.7401,,,290.4199,,,287.0464,,,287.1203,,,287.0924,,,287.1002,,,287.2165,,,287.7101,,,287.5797,,,,,,,,,,,,,,,,,,,,286.9775,,,287.7807,
1943,,0.362035585,,,1.01435681,,,,,,,,,,,,,288.0732,,,287.1502,,,,,,287.7532,,,290.4938,,,287.1277,,,287.0285,,,287.3609,,,287.2112,,,287.183,,,287.6302,,,287.5943,,,,,,,,,,,,,,,,,,,,286.9107,,,287.6555,
1944,,0.36830862,,,1.02454544,,,,,,,,,,,,,288.1959,,,287.2421,,,,,,287.6986,,,290.6811,,,287.0061,,,286.9073,,,287.3111,,,287.1408,,,287.0272,,,287.7587,,,287.6882,,,,,,,,,,,,,,,,,,,,286.9423,,,287.7525,
1945,,0.374581655,,,1.03473407,,,,,,,,,,,,,288.2175,,,287.2076,,,,,,287.6267,,,290.8034,,,286.8001,,,286.9273,,,287.3387,,,287.2068,,,287.166,,,287.6533,,,287.6307,,,,,,,,,,,,,,,,,,,,286.8331,,,287.6401,
1946,,0.38085469,,,1.0449227,,,,,,,,,,,,,288.1418,,,287.265,,,,,,287.6959,,,290.7588,,,286.9649,,,287.0411,,,287.4259,,,287.2904,,,287.2898,,,287.5077,,,287.6496,,,,,,,,,,,,,,,,,,,,286.8699,,,287.5197,
1947,,0.387127725,,,1.057093883,,,,,,,,,,,,,288.1405,,,287.2909,,,,,,287.7433,,,290.8999,,,286.9842,,,287.1759,,,287.2494,,,287.3131,,,287.4602,,,287.4223,,,287.519,,,,,,,,,,,,,,,,,,,,286.8018,,,287.5534,
1948,,0.39340076,,,1.069265067,,,,,,,,,,,,,288.134,,,287.2799,,,,,,287.7409,,,290.8053,,,287.0395,,,287.2824,,,287.2165,,,287.2157,,,287.2346,,,287.4342,,,287.6204,,,,,,,,,,,,,,,,,,,,286.871,,,287.4723,
1949,,0.399673795,,,1.08143625,,,,,,,,,,,,,288.214,,,287.3216,,,,,,287.7077,,,290.6167,,,287.0803,,,287.1739,,,287.1494,,,287.1243,,,287.3965,,,287.5448,,,287.587,,,,,,,,,,,,,,,,,,,,287.0791,,,287.5324,
1950,,0.40594683,,,1.093607433,,,,,,,,,,,,,288.1046,,,287.3775,,,,,,287.7612,,,290.448,,,286.8474,,,287.4111,,,287.0745,,,287.2874,,,287.3973,,,287.6771,,,287.6399,,,,,,,,,,,286.7742,,,,,,,,,287.0864,,,287.654,
1951,,0.412219865,,,1.105778617,,,,,,,,,,,,,288.2808,,,287.3851,,,,,,287.7802,,,290.5545,,,286.9588,,,287.2555,,,287.0383,,,287.3181,,,287.1519,,,287.562,,,287.683,,,,,,,,,,,286.6953,,,,,,,,,287.1242,,,287.7987,
1952,,0.4184929,,,1.1179498,,,,,,,,,,,,,288.1547,,,287.275,,,,,,287.9193,,,290.4222,,,286.851,,,287.0796,,,287.2305,,,287.246,,,287.054,,,287.3827,,,287.7354,,,,,,,,,,,286.879,,,,,,,,,287.1652,,,287.6428,
1953,,0.428437356,,,1.127796867,,,,,,,,,,,,,288.2354,,,287.3123,,,,,,287.8319,,,290.3356,,,286.8466,,,287.0131,,,286.9499,,,287.1668,,,287.129,,,287.4839,,,287.7413,,,,,,,,,,,286.9174,,,,,,,,,287.2128,,,287.6568,
1954,,0.438381811,,,1.137643933,,,,,,,,,,,,,288.2909,,,287.2933,,,,,,287.8515,,,290.4136,,,287.1178,,,287.1328,,,287.1256,,,287.2416,,,287.3126,,,287.63,,,287.7577,,,,,,,,,,,286.7752,,,,,,,,,287.0695,,,287.6884,
1955,,0.448326267,,,1.147491,,,,,,,,,,,,,288.3095,,,287.2218,,,,,,287.8126,,,290.4507,,,287.2324,,,287.2257,,,287.2289,,,287.3046,,,287.291,,,287.5863,,,287.7865,,,,,,,,,,,286.9194,,,,,,,,,287.1587,,,287.7166,
1956,,0.458270722,,,1.157338067,,,,,,,,,,,,,288.392,,,287.1972,,,,,,287.8382,,,290.523,,,287.195,,,287.1162,,,286.946,,,287.3334,,,287.2763,,,287.5276,,,287.6641,,,,,,,,,,,286.9625,,,,,,,,,287.0828,,,287.5739,
1957,,0.468215178,,,1.167185133,,,,,,,,,,,,,288.263,,,287.2244,,,,,,287.8812,,,290.584,,,287.0067,,,287.205,,,287.0661,,,287.2848,,,287.2221,,,287.5303,,,287.5823,,,,,,,,,,,286.8184,,,,,,,,,287.0356,,,287.4939,
1958,,0.478159633,,,1.1770322,,,,,,,,,,,,,288.2861,,,287.3364,,314.8475,284.5094,0,,287.8449,,,290.3001,,,286.9469,,,287.21,,,287.1654,,,287.205,,,287.2135,,,287.487,,,287.6013,,,,,,,,,,,286.7252,,,,,,,,,287.0492,,,287.6349,
1959,,0.488104089,,,1.1868624,,,,,,,,,,,,,288.2652,,,287.3453,,317.995975,284.5094,0.05323427,,287.8154,,,290.3098,,,287.0289,,,287.2966,,,287.2041,,,287.3675,,,287.2102,,,287.3748,,,287.5629,,,,,,,,,,,286.8612,,,,,,,,,286.903,,,287.4891,
1960,,0.498048544,,,1.1966926,,,,,,,,,,,,,288.3145,,,287.3085,,321.1759348,284.5094,0.10646854,,287.8694,,,290.2722,,,287.0751,,,287.1149,,,287.3658,,,287.5557,,,287.2501,,,287.4479,,,287.7349,,,,,,,,,,,286.8668,,,,,,,,,286.9901,,,287.4395,
1961,,0.507993,,,1.22479042,,,,,,,,,,,,,288.3899,,,287.3388,,324.3876941,284.6279,0.15970281,,287.8027,,,290.7792,,,287.3196,,,287.2238,,,287.4437,,,287.5726,,,287.3408,,,287.6241,,,287.6711,,,,,,,,,,,286.751,,,288.1216,,,,,,286.9565,,,287.6026,
1962,,0.517937456,,,1.25288824,,,,,,,,,,,,,288.3007,,,287.3376,,327.631571,284.7753,0.21293708,,287.792,,,290.6655,,,287.0821,,,287.23,,,287.4012,,,287.4025,,,287.2159,,,287.5071,,,287.7493,,,,,,,,,,,286.6569,,,288.1596,,,,,,287.0887,,,287.7136,
1963,,0.527881911,,,1.28098606,,,,,,,,,,,,,288.3853,,,287.3006,,330.9078867,284.6442,0.26617135,,287.7255,,,290.654,,,286.8666,,,287.3861,,,287.3132,,,287.4471,,,287.1266,,,287.1872,,,287.641,,,,,,,,,,,286.6941,,,288.0592,,,,,,287.028,,,287.6629,
1964,,0.537826367,,,1.30908388,,,,,,,,,,,,,288.2908,,,287.374,,334.2169656,284.7212,0.31940562,,287.7847,,,290.8638,,,286.9772,,,287.5455,,,287.4848,,,287.3701,,,287.4482,,,287.3627,,,287.6562,,,,,,,,,,,286.8512,,,288.0642,,,,,,287.0617,,,287.7284,
1965,,0.547770822,,,1.3371817,,,,,,,,,,,,,288.3667,,,287.3925,,337.5591353,284.8662,0.37263989,,287.7664,,,290.6518,,,287.2045,,,287.3479,,,287.4326,,,287.5035,,,287.3506,,,287.4642,,,287.7558,,,,,,,,,,,286.8071,,,288.0845,,,,,,287.138,,,287.6314,
1966,,0.557715278,,,1.36527952,,,,,,,,,,,,,288.4176,,,287.3305,,340.9347266,284.9633,0.425874161,,287.7527,,,290.985,,,287.3108,,,287.276,,,287.3212,,,287.4142,,,287.484,,,287.3653,,,287.8033,,,,,,,,,,,286.8659,,,288.098,,,,,,287.0309,,,287.6427,
1967,,0.567659733,,,1.39337734,,,,,,,,,,,,,288.4448,,,287.3792,,344.3440739,285.0307,0.479108431,,287.7732,,,290.7604,,,287.257,,,287.3386,,,287.3415,,,287.5077,,,287.284,,,287.3265,,,287.8178,,,,,,,,,,,287.0044,,,288.1489,,,,,,287.0209,,,287.5868,
1968,,0.577604189,,,1.42147516,,,,,,,,,,,,,288.4252,,,287.3673,,347.7875146,285.0052,0.532342701,,287.7704,,,291.0225,,,287.2219,,,287.3655,,,287.4798,,,287.4353,,,287.3814,,,287.5494,,,287.9286,,,,,,,,,,,286.7304,,,288.0847,,,,,,287.0917,,,287.6018,
1969,,0.587548644,,,1.44957298,,,,,,,,,,,,,288.3451,,,287.3084,,351.2653898,285.0293,0.585576971,,287.8153,,,291.3257,,,287.1162,,,287.1801,,,287.3565,,,287.5621,,,287.5441,,,287.4792,,,287.8549,,,,,,,,,,,286.6242,,,288.1294,,,,,,287.0948,,,287.6749,
1970,,0.5974931,-0.15583048,-0.15583048,1.4776708,,,,,,,,,,,,,288.4058,,,287.3442,,354.7780437,285.0149,0.638811241,,287.764,,,291.4666,,,286.9952,,,287.2727,,,287.3669,,,287.4759,,,287.5413,,,287.5757,,,287.963,,,,,,,,,,,286.9084,,,288.1598,,,,,,287.1725,,,287.7088,
1971,,0.614173716,-0.14761994,-0.13771327,1.52371415,,,,,,,,,,,,,288.3387,,,287.3693,,358.3258241,284.998,0.692045511,,287.8317,,,290.9844,,,287.0745,,,287.3171,,,287.4651,,,287.3697,,,287.5931,,,287.7346,,,287.9459,,,,,,,,,,,287.0638,,,288.1673,,,,,,287.1894,,,287.6608,
1972,,0.630854332,-0.13900349,-0.11911483,1.5697575,,,,,,,,,,,,,288.251,,,287.3511,,361.9090824,284.898,0.745279781,,287.8608,,,290.9646,,,287.3532,,,287.4013,,,287.5875,,,287.4789,,,287.4695,,,287.7726,,,287.878,,,,,,,,,,,287.1363,,,288.1798,,,,,,287.2464,,,287.6672,
1973,,0.647534947,-0.12998919,-0.09996413,1.61580085,300,,0,,,,,,,,,,288.2758,,,287.3968,,365.5281732,284.9742,0.798514051,,287.8275,,,291.0373,,,287.482,,,287.3717,,,287.6172,,,287.5069,,,287.463,,,287.5347,,,287.8773,,,,,,,,,,,287.0906,,,288.1823,,,,,,287.2862,,,287.714,
1974,,0.664215563,-0.12059879,-0.08016307,1.6618442,303.060603,,0.05323427,,,,,,,,,,288.3785,,,287.4374,,369.1834549,285.0339,0.851748321,,287.8719,,,290.9031,,,287.2892,,,287.6148,,,287.4863,,,287.4466,,,287.4883,,,287.6067,,,287.9637,,,,,,,,,,,286.8299,,,288.1484,,,,,,287.2944,,,287.6457,
1975,,0.680896179,-0.1108572,-0.0596122,1.70788755,306.121206,,0.10646854,,,,,,,,,,288.306,,,287.5148,,372.8752895,285.0956,0.904982591,,287.8926,,,290.814,,,287.3057,,,287.6193,,,287.7117,,,287.5673,,,287.4947,,,287.6509,,,288.035,,,,,,,,,,,286.9287,,,288.1865,,,,,,287.2012,,,287.629,
1976,,0.697576795,-0.10077153,-0.03823183,1.7539309,309.181809,,0.15970281,,,,,,,,,,288.2489,,,287.4788,,376.6040424,284.9777,0.958216861,,287.9581,,,290.8518,,,287.3664,,,287.7023,,,287.504,,,287.5922,,,287.3994,,,287.4856,,,288.0398,,,,,,,,,,,287.0159,,,288.1315,,,,,,287.1911,,,287.6862,
1977,,0.714257411,-0.09032123,-0.01596539,1.79997425,312.242412,,0.21293708,,,,,,,,,,288.3188,,,287.528,,380.3700828,284.9619,1.011451131,,287.9172,,,291.4834,,,287.6054,,,287.354,,,287.5376,,,287.7819,,,287.4112,,,287.6914,,,287.9782,,,,,,,,,,,287.0118,,,288.213,,,,,,287.2496,,,287.629,
1978,,0.730938026,-0.07946241,0.00721181,1.8460176,315.303015,284.7170064,0.26617135,,,,,,,,,,288.2414,,,287.5252,,384.1737836,285.0283,1.064685401,,287.933,,,291.7416,,,287.2598,,,287.4321,,,287.5758,,,287.5412,,,287.4052,,,287.6733,,,288.0514,,,,,,,,,,,286.999,,,288.2172,,,,,,287.3676,,,287.8036,
1979,,0.747618642,-0.06814888,0.03127245,1.89206095,318.6017822,284.7453251,0.31940562,,,,,,,,,,288.3529,,,287.5718,,388.0155214,285.1231,1.117919671,,287.9754,,,291.7821,,,287.2758,,,287.4612,,,287.5836,,,287.5389,,,287.681,,,287.7859,,,288.0335,,,,,,,,,,,286.9627,,,288.2872,,,,,,287.3357,,,287.7975,
1980,,0.764299258,-0.05635635,0.05613909,1.9381043,321.9005493,284.7736438,0.37263989,,,,,,,,,,288.3958,,,287.7187,,391.8956767,285.1478,1.171153941,,288.0413,,,291.8565,,,287.3955,,,287.441,,,287.8027,,,287.5464,,,287.6477,,,287.7816,,,288.0895,,,,,,,,,,,287.1939,,,288.3602,,,,,,287.2062,,,287.774,
1981,,0.780979874,-0.04409161,0.08169779,1.98414765,325.1993165,284.8019625,0.425874161,323,,0,,,,,,,288.4142,,,287.7757,,395.8146334,285.1914,1.224388211,,288.058,,,291.6174,,,287.4011,,,287.3718,,,287.6578,,,287.3719,,,287.8127,,,287.7324,,,288.1076,,,,,,,,,,,287.0332,,,288.5191,,,,,,287.2972,,,287.5917,
1982,,0.797660489,-0.03139146,0.10782953,2.030191,328.4980836,284.8302812,0.479108431,326.2952492,,0.05323427,,,,,,,288.4065,,,287.7699,,399.7727798,285.3293,1.277622482,,288.004,,,291.4493,,,287.3453,,,287.367,,,287.5853,,,287.393,,,287.6015,,,287.6844,,,288.1516,,,,,,,,,,,287.1611,,,288.4368,,,,,,287.3793,,,287.7484,
1983,,0.814341105,-0.01831285,0.13444652,2.086025738,331.7968508,284.8585999,0.532342701,329.5904985,,0.10646854,,,,,,,288.4024,,,287.7505,,403.7705076,285.2971,1.330856752,,287.988,,,291.8023,,,287.4249,,,287.5241,,,287.5707,,,287.4675,,,287.6451,,,287.5603,,,288.0937,,,,,,,,,,,287.3872,,,288.4815,,,,,,287.3264,,,287.9107,
1984,348.00986,0.831021721,-0.00491282,0.16150435,2.141860475,335.095618,284.8869185,0.585576971,332.8857477,,0.15970281,,,,,,,288.5548,,,287.7247,,407.8082126,285.1889,1.384091022,,288.1105,,,291.8111,,,287.5334,,,287.7744,,,287.6313,,,287.6395,,,287.5553,,,287.5806,,,288.0347,,,,,,,,,,,287.1544,,,288.4412,,,,,,287.318,,,287.8532,
1985,348.76346,0.847702337,0.00876233,0.18898307,2.197695212,338.3943851,284.9152372,0.638811241,336.180997,,0.21293708,,,,,,,288.6267,,,287.7295,,411.8862948,285.3605,1.437325292,,288.1721,,,291.7728,,,287.6784,,,287.7492,,,287.5696,,,287.6546,,,287.5663,,,287.7979,,,288.0534,,,,,,,,,,,287.0089,,,288.4511,,,,,,287.2966,,,287.7589,
1986,349.51706,0.864382953,0.02267742,0.21688173,2.25352995,341.6931523,284.9435559,0.692045511,339.4762462,286.8443658,0.26617135,,,,,,,288.5816,,,287.6568,,416.0051577,285.3221,1.490559562,,288.2588,,,291.4857,,,287.646,,,287.7951,,,287.5364,,,287.5211,,,287.6959,,,287.8538,,,288.1495,,,,,,,,,,,287.0902,,,288.5088,,,,,,287.3704,,,287.9866,
1987,350.27066,0.881063568,0.03679786,0.24520584,2.309364688,344.9919194,284.9718746,0.745279781,343.85299,286.8788586,0.31940562,,,,,,,288.5597,,,287.741,,420.1652093,285.3982,1.543793832,,288.1909,,,291.6137,,,287.4623,,,287.7921,,,287.5069,,,287.7018,,,287.679,,,287.6596,,,288.2544,,,,,,,,,,,287.08,,,288.4638,,,,,,287.401,,,287.9284,
1988,352.765565,0.897744184,0.05108537,0.27394342,2.365199425,348.2906866,285.0001933,0.798514051,348.2297338,286.9133514,0.37263989,,,,,,,288.6376,,,287.794,,424.3668614,285.5291,1.597028102,,288.3005,,,291.8629,,,287.547,,,287.6372,,,287.6708,,,287.7354,,,287.7661,,,287.7162,,,288.1693,,,,,,,,,,,287.2001,,,288.4393,,,,,,287.4674,,,287.9931,
1989,355.26047,0.9144248,0.06549935,0.30302543,2.421034163,351.9345778,285.0241683,0.851748321,352.6064777,286.9478441,0.425874161,,,,,,,288.6848,,,287.8504,,428.61053,285.5173,1.650262372,,288.2777,,,292.1262,,,287.681,,,287.6359,,,287.6439,,,287.6006,,,287.9647,,,287.7033,,,288.2349,,,,,,,,,,,287.1932,,,288.4898,,,,,,287.4069,,,288.0128,
1990,356.91004,0.934107283,0.08000279,0.3323158,2.4768689,355.578469,285.0481434,0.904982591,356.9832215,286.9823369,0.479108431,,0.003238693,0.18635321,0.19015383,0,402.5773196,288.6337,0,402.5773196,287.8282,0,432.8966353,285.5449,1.703496642,402.5773196,288.2304,0,402.5773196,291.9329,0,,287.6399,0,402.5773196,287.8714,0,402.5773196,287.7395,0,402.5773196,287.6893,0,402.5773196,287.867,0,402.5773196,287.8597,0,355,288.2286,0,,0,,,1.03,,288.8619,,,287.1725,,,288.5206,,,,,,287.5764,,,288.0572,
1991,358.55961,0.953789767,0.09457701,0.36163576,2.52793115,359.2223602,285.0721184,0.958216861,361.3599653,287.0168297,0.532342701,,0.013437352,0.19513517,0.20792145,0.04717427,406.6030928,288.7129,0.05323427,406.2005155,287.8982,0.047934616,437.2256016,285.5363,1.756730912,406.6030928,288.2807,0.05323427,406.6030928,292.0093,0.05323427,,287.953,0.05323427,406.6030928,287.7467,0.05323427,406.6030928,287.8917,0.05323427,406.6030928,287.8544,0.05323427,406.6030928,287.8568,0.05323427,406.6030928,287.9208,0.05323427,358.195,288.3409,0.047934616,,0.0158375,,,1.0579925,,288.5889,,,287.2786,,,288.5493,,,,,,287.5844,,,288.0284,
1992,360.20918,0.97347225,0.1092295,0.39081669,2.5789934,362.8662514,285.0960934,1.011451131,365.7367091,287.0513225,0.585576971,,0.023636011,0.20391713,0.22568908,0.09434854,410.6691237,288.787,0.10646854,409.8563201,287.8776,0.095869233,441.5978577,285.5399,1.809965182,410.6691237,288.4058,0.10646854,410.6691237,291.9924,0.10646854,,287.7034,0.10646854,410.6691237,287.7477,0.10646854,410.6691237,287.6478,0.10646854,410.6691237,287.9655,0.10646854,410.6691237,288.1231,0.10646854,410.6691237,287.9591,0.10646854,361.418755,288.2848,0.095869233,,0.034057143,,,1.093268571,,288.7788,,,287.2373,,,288.6713,,,,,,287.5944,,,288.0271,
1993,361.85875,0.993154733,0.12399213,0.4197825,2.63005565,366.5101426,285.1200685,1.064685402,370.1134529,287.0858152,0.638811241,,0.03383467,0.21269909,0.2434567,0.14152281,414.775815,288.8553,0.15970281,413.545027,287.9251,0.143803849,446.0138362,285.5182,1.863199452,414.775815,288.431,0.15970281,414.775815,291.6525,0.15970281,,287.5301,0.15970281,414.775815,287.6679,0.15970281,414.775815,287.7733,0.15970281,414.775815,287.9034,0.15970281,414.775815,287.8687,0.15970281,414.775815,288.1369,0.15970281,364.6715238,288.3892,0.143803849,,0.051969643,,,1.128026071,,288.8071,,,287.2553,,,288.6866,,,,,,287.545,,,288.1203,
1994,363.50832,1.012837217,0.13891217,0.44858786,2.6811179,370.1540337,285.1440435,1.117919672,374.4901968,287.120308,0.692045511,,0.047088367,0.22148105,0.26107265,0.18869708,418.9235731,288.8659,0.21293708,417.2669322,287.9288,0.191738465,450.4739746,285.4833,1.916433722,418.9235731,288.4828,0.21293708,418.9235731,291.8861,0.21293708,,287.7341,0.21293708,418.9235731,287.7696,0.21293708,418.9235731,287.8566,0.21293708,418.9235731,287.7726,0.21293708,418.9235731,288.0177,0.21293708,418.9235731,287.9477,0.21293708,367.9535675,288.4136,0.191738465,,0.0696,,,1.16232,,288.9488,,,287.2949,,,288.6696,,,,,,287.602,,,288.0573,
1995,365.15789,1.0325197,0.15403583,0.47740059,2.73218015,373.7979249,285.1680185,1.171153942,378.8669406,287.1548008,0.745279781,,0.060342064,0.23026301,0.2786886,0.23587135,423.1128088,288.8923,0.26617135,421.0223346,287.9887,0.239673082,454.9787143,285.5797,1.969667992,423.1128088,288.5215,0.26617135,423.1128088,291.962,0.26617135,,287.9888,0.26617135,423.1128088,287.8223,0.26617135,423.1128088,287.902,0.26617135,423.1128088,288.0502,0.26617135,423.1128088,287.9942,0.26617135,423.1128088,287.8889,0.26617135,371.2651496,288.3848,0.239673082,,0.086973214,,,1.196205357,,288.87,,,287.3295,,,288.6127,,,,,,287.5826,,,288.1283,
1996,366.80746,1.052202183,0.16940066,0.5064389,2.7832424,377.4418161,285.1919935,1.224388212,383.2436844,287.1892936,0.798514051,,0.073595761,0.24266766,0.29630454,0.28304562,427.3439369,288.9471,0.31940562,424.8115356,287.9422,0.287607698,459.5285015,285.6412,2.022902262,427.3439369,288.552,0.31940562,427.3439369,292.0499,0.31940562,,287.8962,0.31940562,427.3439369,287.6922,0.31940562,427.3439369,287.8619,0.31940562,427.3439369,288.1746,0.31940562,427.3439369,288.0783,0.31940562,427.3439369,287.9298,0.31940562,374.606536,288.3128,0.287607698,,0.104114286,,,1.229737143,,289.105,,,287.318,,,288.6627,,,,,,287.6728,,,288.1866,
1997,368.2337733,1.071884667,0.18503459,0.53592647,2.83430465,381.0857073,285.2159686,1.277622482,387.6204282,287.2237863,0.851748321,,0.086849458,0.2550723,0.31392049,0.330219891,431.6173763,289.0737,0.37263989,428.6348395,288.0464,0.335542314,464.1237865,285.6636,2.076136533,431.6173763,288.4989,0.37263989,431.6173763,292.2341,0.37263989,,287.6947,0.372639891,431.6173763,287.8142,0.37263989,431.6173763,287.8549,0.37263989,431.6173763,288.0116,0.37263989,431.6173763,287.9801,0.37263989,431.6173763,287.8757,0.37263989,377.9779948,288.4653,0.335542314,,0.121048214,,,1.262970357,,289.0193,,,287.4454,,,288.6379,,,,,,287.5746,,,288.1571,
1998,369.6600867,1.09156715,0.20096274,0.56605474,2.8853669,384.7295985,285.2399436,1.330856752,391.997172,287.2582791,0.904982591,,0.100103155,0.26747695,0.33582274,0.377394161,435.9335501,289.0125,0.425874161,432.492553,288.1458,0.383476931,468.7650244,285.6935,2.129370803,435.9335501,288.5339,0.425874161,435.9335501,292.4328,0.425874161,,287.9907,0.425874161,435.9335501,287.9079,0.425874161,435.9335501,287.9592,0.425874161,435.9335501,288.079,0.425874161,435.9335501,287.9999,0.425874161,435.9335501,287.9856,0.425874161,381.3797967,288.4502,0.383476931,,0.1378,,,1.29596,,289.0956,,,287.4994,,,288.702,,,,,,287.6701,,,288.1076,
1999,371.0864,1.111249633,0.21723042,0.59695038,2.93642915,388.7547213,285.2716153,1.384091022,396.3739159,287.2927719,0.958216861,,0.114315327,0.27988159,0.35772498,0.424568431,440.2928856,288.973,0.479108431,436.384986,288.146,0.431411547,473.4526746,285.7313,2.182605073,440.2928856,288.5392,0.479108431,440.2928856,292.4498,0.479108431,,287.922,0.479108431,440.2928856,287.7535,0.479108431,440.2928856,287.9227,0.479108431,440.2928856,288.2037,0.479108431,440.2928856,288.1345,0.479108431,440.2928856,287.8023,0.479108431,384.8122149,288.5445,0.431411547,,0.154394643,,,1.328761071,,289.0949,,,287.4547,,,288.6758,,,,,,287.7281,,,287.9863,
2000,374.23972,1.130932117,0.23390857,0.62865778,2.9874914,392.7798442,285.303287,1.437325292,400.7506597,287.3272647,1.011451131,,0.128527498,0.28880208,0.37962723,0.471742701,444.6958144,289.0811,0.532342701,440.3124509,288.094,0.479346163,478.1872014,285.8557,2.235839343,444.6958144,288.6453,0.532342701,444.6958144,292.4693,0.532342701,,287.8673,0.532342701,444.6958144,287.8964,0.532342701,444.6958144,287.9723,0.532342701,444.6958144,288.2134,0.532342701,444.6958144,288.2607,0.532342701,444.6958144,287.9341,0.532342701,388.2755248,288.6521,0.479346163,369,0.16,0.13168144,0.17010629,1.33,369,289.0529,1.33,369,287.2914,1.33,369,288.7205,1.33,369,287.8543,1.33,369,287.7411,1.33,369,288.1645,1.33
2001,376.964235,1.1506146,0.25107565,0.66117697,3.052532636,396.804967,285.3349587,1.490559562,405.1274035,287.3617574,1.064685401,,0.14273967,0.29772257,0.40152947,0.518916971,449.1427726,289.1914,0.585576971,444.2752629,288.1009,0.52728078,482.9690734,285.991,2.289073613,449.1427726,288.6083,0.585576971,449.1427726,292.5165,0.585576971,,288.0504,0.585576971,449.1427726,287.8721,0.585576971,449.1427726,288.0817,0.585576971,449.1427726,288.1751,0.585576971,449.1427726,288.1862,0.585576971,449.1427726,288.137,0.585576971,391.7700046,288.553,0.52728078,371.1,0.1872125,0.142415998,0.19632943,1.3940175,371.1,289.1092,1.371,371.1,287.468,1.371,371.1,288.7587,1.371,371.1,287.8672,1.371,371.1,287.6876,1.371,371.1,288.2136,1.371
2002,379.68875,1.182589778,0.26877787,0.69458279,3.117573873,400.8300898,285.3666304,1.543793832,409.5041473,287.3962502,1.117919671,,0.15478865,0.30664306,0.41867702,0.566091241,453.6342003,289.0977,0.638811241,448.2737403,288.1275,0.575215396,487.7987641,285.9651,2.342307883,453.6342003,288.7357,0.638811241,453.6342003,292.8024,0.638811241,,288.0265,0.638811241,453.6342003,287.7751,0.638811241,453.6342003,287.9899,0.638811241,453.6342003,288.3968,0.638811241,453.6342003,287.9857,0.638811241,453.6342003,288.2273,0.638811241,395.2959346,288.5714,0.575215396,373.2,0.203485714,0.153150556,0.22255257,1.426582857,373.2,289.2308,1.412,373.2,287.5404,1.412,373.2,288.7663,1.412,373.2,287.9149,1.412,373.2,287.7138,1.412,373.2,288.2087,1.412
2003,382.4138267,1.214564956,0.2870195,0.72903637,3.182615109,404.8552127,285.3983021,1.597028102,413.8808911,287.430743,1.171153942,,0.16683763,0.31492435,0.43582457,0.613265511,458.1705423,289.2163,0.692045511,452.308204,288.2436,0.623150012,492.6767517,285.9736,2.395542153,458.1705423,288.7749,0.692045511,458.1705423,292.7124,0.692045511,,287.7461,0.692045511,458.1705423,288.0336,0.692045511,458.1705423,287.908,0.692045511,458.1705423,288.3071,0.692045511,458.1705423,288.0802,0.692045511,458.1705423,287.903,0.692045511,398.853598,288.5614,0.623150012,375.3,0.219701786,0.163885114,0.250058345,1.459179643,375.3,289.3125,1.453,375.3,287.7096,1.453,375.3,288.7768,1.453,375.3,287.818,1.453,375.3,287.7171,1.453,375.3,288.113,1.453
2004,385.1389033,1.246540133,0.30576662,0.76467435,3.247656345,408.8803355,285.4299738,1.650262372,418.257635,287.4652358,1.224388212,,0.17888661,0.32320564,0.45297213,0.660439781,462.7522477,289.1963,0.745279781,456.3789778,288.2558,0.671084629,497.6035193,286.0959,2.448776423,462.7522477,288.8816,0.745279781,462.7522477,292.8387,0.745279781,,287.8532,0.745279781,462.7522477,287.9876,0.745279781,462.7522477,288.1452,0.745279781,462.7522477,288.2941,0.745279781,462.7522477,288.244,0.745279781,462.7522477,288.1102,0.745279781,402.4432804,288.6453,0.671084629,377.4,0.235885714,0.174619672,0.27756412,1.491862857,377.4,289.2777,1.494,377.4,287.3234,1.494,377.4,288.8185,1.494,377.4,287.8625,1.494,377.4,287.7822,1.494,377.4,288.2365,1.494
2005,387.86398,1.278515311,0.32495525,0.80154584,3.312697582,412.9054583,285.4616455,1.703496642,422.6343788,287.4997285,1.277622482,,0.19093559,0.33148692,0.47011968,0.707614051,467.3797702,289.2028,0.798514051,460.4863886,288.2552,0.719019245,502.5795544,286.1776,2.502010693,467.3797702,288.8888,0.798514051,467.3797702,292.8455,0.798514051,,288.0805,0.798514051,467.3797702,287.9619,0.798514051,467.3797702,288.367,0.798514051,467.3797702,288.1955,0.798514051,467.3797702,288.2642,0.798514051,467.3797702,288.1667,0.798514051,406.0652699,288.6186,0.719019245,379.5,0.2520625,0.18535423,0.305069895,1.5246875,379.5,289.4956,1.535,379.5,287.303,1.535,379.5,288.865,1.535,379.5,288.016,1.535,379.5,287.7906,1.535,379.5,288.3453,1.535
2006,390.7335883,1.310490489,0.34449593,0.83960623,3.377738818,416.9305811,285.4933172,1.756730912,427.0111226,287.5342213,1.330856752,,0.20298457,0.33976821,0.48789429,0.754788321,472.0535679,289.3225,0.851748321,464.6307661,288.2135,0.766953861,507.60535,286.1037,2.555244963,472.0535679,288.9112,0.851748321,472.0535679,292.7414,0.851748321,,288.0107,0.851748321,472.0535679,288.0126,0.851748321,472.0535679,288.097,0.851748321,472.0535679,288.4301,0.851748321,472.0535679,288.3037,0.851748321,472.0535679,288.1597,0.851748321,409.7198574,288.7621,0.766953861,381.6,0.268257143,0.196535548,0.33257567,1.557708571,381.6,289.4425,1.576,381.6,287.4221,1.576,381.6,288.9652,1.576,381.6,287.9135,1.576,381.6,287.8059,1.576,381.6,288.4175,1.576
2007,393.6031967,1.342465667,0.36427283,0.87875131,3.442780055,420.955704,285.5249889,1.809965182,431.3878664,287.5687141,1.384091022,,0.217698902,0.3480495,0.5056689,0.801962591,476.7741036,289.3762,0.904982591,468.812443,288.2187,0.814888478,512.6814035,286.1735,2.608479233,476.7741036,288.9793,0.904982591,476.7741036,292.7789,0.904982591,,287.8839,0.904982591,476.7741036,288.235,0.904982591,476.7741036,288.0253,0.904982591,476.7741036,288.419,0.904982591,476.7741036,288.3238,0.904982591,476.7741036,288.176,0.904982591,413.4073361,288.8187,0.814888478,383.7,0.284494643,0.207716865,0.360081445,1.590981071,383.7,289.3686,1.617,383.7,287.4852,1.617,383.7,288.9312,1.617,383.7,287.9388,1.617,383.7,287.81,1.617,383.7,288.3166,1.617
2008,396.472805,1.374440844,0.38415413,0.91883868,3.507821291,424.9808268,285.5566606,1.863199452,435.7646102,287.6032069,1.437325292,,0.232413235,0.35633079,0.5234435,0.849136861,481.5418446,289.3868,0.958216861,473.031755,288.304,0.862823094,517.8082175,286.0363,2.661713503,481.5418446,289.0272,0.958216861,481.5418446,292.7255,0.958216861,,288.0557,0.958216861,481.5418446,288.3851,0.958216861,481.5418446,288.2417,0.958216861,481.5418446,288.2423,0.958216861,481.5418446,288.1903,0.958216861,481.5418446,288.2377,0.958216861,417.1280021,288.8498,0.862823094,385.8,0.3008,0.218898183,0.38758722,1.62456,385.8,289.412,1.658,385.8,287.3904,1.658,385.8,288.8995,1.658,385.8,288.1121,1.658,385.8,287.8987,1.658,385.8,288.378,1.658
2009,399.3424133,1.406416022,0.40401703,0.95969087,3.572862527,429.4270665,285.5987341,1.916433722,440.1413541,287.6376996,1.490559562,,0.247127567,0.36617606,0.54121811,0.896311131,486.3572631,289.5149,1.011451131,477.2890408,288.2605,0.91075771,522.9862997,286.2331,2.714947773,486.3572631,289.1001,1.011451131,486.3572631,292.8455,1.011451131,,288.1328,1.011451131,486.3572631,288.2431,1.011451131,486.3572631,288.2937,1.011451131,486.3572631,288.167,1.011451131,486.3572631,288.1859,1.011451131,486.3572631,288.1192,1.011451131,420.8821541,288.9903,0.91075771,387.9,0.317198214,0.2300795,0.411468703,1.658500357,387.9,289.3149,1.699,387.9,287.604,1.699,387.9,288.9339,1.699,387.9,288.1134,1.699,387.9,287.943,1.699,387.9,288.4015,1.699
2010,402.2120217,1.4383912,0.42378761,1.0011187,3.637903764,433.8733063,285.6408076,1.969667992,444.5180979,287.6721924,1.543793832,,0.2618419,0.37602133,0.55899272,0.943485401,491.2208357,289.3699,1.064685401,481.5846421,288.3591,0.958692327,528.2161627,286.3012,2.768182043,491.2208357,289.1273,1.064685401,491.2208357,292.7728,1.064685401,,288.1019,1.064685401,491.2208357,288.238,1.064685401,491.2208357,288.4745,1.064685401,491.2208357,288.1545,1.064685401,491.2208357,288.312,1.064685401,491.2208357,288.2102,1.064685401,424.6700935,288.9371,0.958692327,390,0.35,0.241903725,0.435350187,1.74,390,289.4199,1.74,390,287.6295,1.74,390,289.0244,1.74,390,288.0474,1.74,390,287.9809,1.74,390,288.5208,1.74
2011,405.08163,1.462704244,0.44344934,1.0429497,3.702945,438.319546,285.6828812,2.022902262,448.8948417,287.7066852,1.597028102,,0.275081214,0.3858666,0.57676733,0.990659671,496.133044,289.4252,1.117919671,485.9189039,288.3446,1.006626943,533.4983243,286.2868,2.821416313,496.133044,289.0882,1.117919671,496.133044,293.0709,1.117919671,,288.3329,1.117919671,496.133044,288.281,1.117919671,496.133044,288.4787,1.117919671,496.133044,288.2201,1.117919671,496.133044,288.2059,1.117919671,496.133044,288.3401,1.117919671,428.4921243,288.9947,1.006626943,392.7,0.350373214,0.25372795,0.45923167,1.727685357,392.7,289.4222,1.77,392.7,287.6384,1.77,392.7,289.0563,1.77,392.7,288.1266,1.77,392.7,287.923,1.77,392.7,288.6391,1.77
2012,407.463448,1.487017289,0.46303072,1.0850625,3.76894725,442.7657858,285.7249547,2.076136532,453.2715855,287.741178,1.650262372,,0.288320529,0.39571187,0.59454193,1.037833941,501.0943745,289.5218,1.171153941,490.292174,288.4907,1.054561559,538.8333076,286.4043,2.874650583,501.0943745,289.1461,1.171153941,501.0943745,293.0128,1.171153941,,288.5365,1.171153941,501.0943745,288.4812,1.171153941,501.0943745,288.5213,1.171153941,501.0943745,288.4299,1.171153941,501.0943745,288.1953,1.171153941,501.0943745,288.3707,1.171153941,432.3485535,289.0019,1.054561559,395.4,0.3672,0.265552175,0.490788247,1.76304,395.4,289.4297,1.8,395.4,287.5124,1.8,395.4,289.1365,1.8,395.4,288.1337,1.8,395.4,287.9505,1.8,395.4,288.6393,1.8
2013,409.845266,1.511330333,0.48257868,1.127385,3.8349495,447.2120255,285.7670282,2.129370803,457.6483293,287.7756708,1.703496642,,0.301559843,0.40555714,0.61231654,1.085008211,506.1053182,289.4936,1.224388211,494.7048036,288.5277,1.102496176,544.2216406,286.3399,2.927884854,506.1053182,289.1564,1.224388211,506.1053182,293.2863,1.224388211,,288.1806,1.224388211,506.1053182,288.4763,1.224388211,506.1053182,288.4504,1.224388211,506.1053182,288.5122,1.224388211,506.1053182,288.4355,1.224388211,506.1053182,288.4039,1.224388211,436.2396904,289.0439,1.102496176,398.1,0.384219643,0.2773764,0.522344823,1.798976071,398.1,289.48,1.83,398.1,287.477,1.83,398.1,289.0839,1.83,398.1,288.1846,1.83,398.1,287.9105,1.83,398.1,288.5124,1.83
2014,412.227084,1.535643378,0.50212688,1.169865,3.90095175,451.6582652,285.8091017,2.182605073,462.0250732,287.8101635,1.756730912,,0.314799157,0.41540241,0.63009115,1.132182482,511.1663714,289.5859,1.277622482,499.1571468,288.4524,1.150430792,549.6638571,286.2894,2.981119124,511.1663714,289.1819,1.277622482,511.1663714,293.2834,1.277622482,,288.0093,1.277622482,511.1663714,288.3978,1.277622482,511.1663714,288.4108,1.277622482,511.1663714,288.4677,1.277622482,511.1663714,288.5691,1.277622482,511.1663714,288.5259,1.277622482,440.1658477,289.0171,1.150430792,400.8,0.401457143,0.29176077,0.5539014,1.835548571,400.8,289.3809,1.86,400.8,287.569,1.86,400.8,289.0303,1.86,400.8,288.1772,1.86,400.8,287.8765,1.86,400.8,288.6997,1.86
2015,414.608902,1.559956422,0.52168449,1.2124365,3.966954,456.104505,285.8511752,2.235839343,466.401817,287.8446563,1.809965182,,0.328038471,0.42524768,0.6514596,1.179356752,516.2780351,289.406,1.330856752,503.6495612,288.3752,1.198365408,555.1604956,286.3873,3.034353394,516.2780351,289.2526,1.330856752,516.2780351,293.3963,1.330856752,,287.8961,1.330856752,516.2780351,288.388,1.330856752,516.2780351,288.4007,1.330856752,516.2780351,288.3133,1.330856752,516.2780351,288.8814,1.330856752,516.2780351,288.5739,1.330856752,444.1273403,289.0513,1.198365408,403.5,0.4189375,0.30614514,0.584926225,1.8728125,403.5,289.3783,1.89,403.5,287.6352,1.89,403.5,289.1072,1.89,403.5,288.1252,1.89,403.5,287.9399,1.89,403.5,288.5914,1.89
2016,416.99072,1.584269467,0.54123762,1.2550077,4.03295625,460.5507447,285.8932488,2.289073613,470.7785608,287.8791491,1.863199453,,0.341277786,0.43509295,0.67282805,1.226531022,521.4408155,289.4825,1.384091022,508.1824072,288.4071,1.246300025,560.7121006,286.4923,3.087587664,521.4408155,289.3579,1.384091022,521.4408155,293.7146,1.384091022,,288.116,1.384091022,521.4408155,288.4154,1.384091022,521.4408155,288.2397,1.384091022,521.4408155,288.5071,1.384091022,521.4408155,288.8012,1.384091022,521.4408155,288.5316,1.384091022,448.1244864,289.0855,1.246300025,406.2,0.436685714,0.32052951,0.61595105,1.910822857,406.2,289.4223,1.92,406.2,287.4161,1.92,406.2,289.1613,1.92,406.2,288.1592,1.92,406.2,287.9295,1.92,406.2,288.5047,1.92
2017,419.96659,1.608582511,0.56076087,1.2974768,4.0989585,464.9969845,285.9353223,2.342307883,475.1553046,287.9136419,1.916433723,,0.3545171,0.44493822,0.6941965,1.273705292,526.6552236,289.6335,1.437325292,512.7560489,288.5303,1.294234641,566.3192216,286.5215,3.140821934,526.6552236,289.3602,1.437325292,526.6552236,293.5402,1.437325292,,288.1191,1.437325292,526.6552236,288.4718,1.437325292,526.6552236,288.2253,1.437325292,526.6552236,288.6435,1.437325292,526.6552236,288.8139,1.437325292,526.6552236,288.651,1.437325292,452.1576067,289.1114,1.294234641,408.9,0.454726786,0.33491388,0.646975875,1.949634643,408.9,289.5138,1.95,408.9,287.4981,1.95,408.9,289.1746,1.95,408.9,288.136,1.95,408.9,288.0296,1.95,408.9,288.6249,1.95
2018,422.94246,1.632895556,,,4.16496075,469.4432242,285.9773958,2.395542153,479.5320484,287.9481346,1.969667993,,0.36813946,,,1.320879562,531.9217759,289.531,1.490559562,517.3708533,288.5001,1.342169257,571.9824138,286.5628,3.194056204,531.9217759,289.4401,1.490559562,531.9217759,293.2954,1.490559562,,288.3067,1.490559562,531.9217759,288.593,1.490559562,531.9217759,288.545,1.490559562,531.9217759,288.5855,1.490559562,531.9217759,288.9309,1.490559562,531.9217759,288.6752,1.490559562,456.2270252,289.2145,1.342169257,411.6,0.473085714,0.353672437,0.6780007,1.989302857,411.6,289.4545,1.98,411.6,287.6602,1.98,411.6,289.1828,1.98,411.6,288.116,1.98,411.6,288.0235,1.98,411.6,288.5324,1.98
2019,425.91833,1.6572086,,,4.230963,474.354639,286.0127061,2.448776423,483.9087923,287.9826274,2.022902263,,0.38176182,,,1.368053832,537.2409936,289.568,1.543793832,522.027191,288.6126,1.390103874,577.7022379,286.4396,3.247290474,537.2409936,289.3822,1.543793832,537.2409936,293.539,1.543793832,,288.115,1.543793832,537.2409936,288.6732,1.543793832,537.2409936,288.5824,1.543793832,537.2409936,288.7404,1.543793832,537.2409936,288.7387,1.543793832,537.2409936,288.6627,1.543793832,460.3330684,289.1716,1.390103874,414.3,0.4917875,0.372430993,0.71126527,2.0298825,414.3,289.393,2.01,414.3,287.556,2.01,414.3,289.1072,2.01,414.3,288.095,2.01,414.3,288.1762,2.01,414.3,288.5733,2.01
2020,428.8942,1.689899024,,,4.29696525,479.2660538,286.0480165,2.502010693,488.2855361,288.0171202,2.076136533,,0.39538418,,,1.415228102,542.6134036,289.5933,1.597028102,526.7254357,288.5721,1.43803849,583.4792603,286.5444,3.300524744,542.6134036,289.4346,1.597028102,542.6134036,293.7879,1.597028102,,288.0326,1.597028102,542.6134036,288.4591,1.597028102,542.6134036,288.5981,1.597028102,542.6134036,288.5825,1.597028102,542.6134036,288.6425,1.597028102,542.6134036,288.6563,1.597028102,464.476066,289.2832,1.43803849,417,0.5,0.39118955,,2.04,417,289.4625,2.04,417,287.6469,2.04,417,289.0464,2.04,417,288.2808,2.04,417,288.2399,2.04,417,288.6571,2.04
2021,431.160472,1.722589448,,,4.3629675,484.1774685,286.0833268,2.555244963,492.6622799,288.051613,2.129370803,,0.40900654,,,1.462402372,548.0395376,289.6237,1.650262372,531.4659646,288.6725,1.485973106,589.3140529,286.6395,3.353759014,548.0395376,289.4373,1.650262372,548.0395376,293.7005,1.650262372,,288.3135,1.650262372,548.0395376,288.3758,1.650262372,548.0395376,288.7064,1.650262372,548.0395376,288.4216,1.650262372,548.0395376,288.6228,1.650262372,548.0395376,288.4471,1.650262372,468.6563506,289.3379,1.485973106,420.4,0.530319643,0.411660125,,2.113996071,420.4,289.3915,2.092,420.4,287.7599,2.092,420.4,289.148,2.092,420.4,288.1771,2.092,420.4,288.2471,2.092,420.4,288.6586,2.092
2022,433.426744,1.755279872,,,4.440907278,489.0888833,286.1186371,2.608479233,497.0390237,288.0861057,2.182605073,,0.4226289,,,1.509576642,553.519933,289.5889,1.703496642,536.2491583,288.6635,1.533907723,595.2071935,286.6129,3.406993284,553.519933,289.4929,1.703496642,553.519933,293.9899,1.703496642,,288.5253,1.703496642,553.519933,288.4057,1.703496642,553.519933,288.5102,1.703496642,553.519933,288.4256,1.703496642,553.519933,288.5601,1.703496642,553.519933,288.6465,1.703496642,472.8742578,289.3739,1.533907723,423.8,0.5502,0.4321307,,2.15764,423.8,289.4435,2.144,423.8,288.0012,2.144,423.8,289.1572,2.144,423.8,288.1788,2.144,423.8,288.327,2.144,423.8,288.7379,2.144
2023,435.693016,1.787970296,,,4.518847056,494.0002981,286.1539475,2.661713503,501.4157675,288.1205985,2.235839343,,0.440001108,,,1.556750912,559.0551323,289.5895,1.756730912,541.0754007,288.8214,1.581842339,601.1592654,286.5746,3.460227554,559.0551323,289.4764,1.756730912,559.0551323,294.2873,1.756730912,,288.2496,1.756730912,559.0551323,288.5385,1.756730912,559.0551323,288.6795,1.756730912,559.0551323,288.6264,1.756730912,559.0551323,288.6417,1.756730912,559.0551323,288.7074,1.756730912,477.1301261,289.3417,1.581842339,427.2,0.570523214,,,2.202415357,427.2,289.4054,2.196,427.2,288.0277,2.196,427.2,289.1599,2.196,427.2,288.1333,2.196,427.2,288.322,2.196,427.2,288.5239,2.196
2024,437.959288,1.82066072,,,4.596786833,498.9117129,286.1892578,2.714947774,505.7925114,288.1550913,2.289073613,,0.457373315,,,1.603925182,564.6456836,289.5193,1.809965182,545.9450794,288.7672,1.629776955,607.170858,286.653,3.513461824,564.6456836,289.5552,1.809965182,564.6456836,294.3322,1.809965182,,288.1958,1.809965182,564.6456836,288.5505,1.809965182,564.6456836,288.5813,1.809965182,564.6456836,288.6048,1.809965182,564.6456836,288.511,1.809965182,564.6456836,288.7389,1.809965182,481.4242972,289.3517,1.629776955,430.6,0.591314286,,,2.248377143,430.6,289.468,2.248,430.6,287.7996,2.248,430.6,289.1743,2.248,430.6,288.199,2.248,430.6,288.3866,2.248,430.6,288.6291,2.248
2025,440.22556,1.853351144,,,4.674726611,503.8231277,286.2245681,2.768182044,510.1692552,288.1895841,2.342307883,,0.474745523,,,1.651099452,570.2921405,289.5923,1.863199452,550.8585851,288.8408,1.677711572,613.2425666,286.7859,3.566696094,570.2921405,289.5528,1.863199452,570.2921405,294.5505,1.863199452,,288.2813,1.863199452,570.2921405,288.5595,1.863199452,570.2921405,288.7204,1.863199452,570.2921405,288.6028,1.863199452,570.2921405,288.5846,1.863199452,570.2921405,288.8127,1.863199452,485.7571159,289.404,1.677711572,434,0.612598214,,,2.295580357,434,289.3996,2.3,434,287.8694,2.3,434,289.2377,2.3,434,288.2329,2.3,434,288.3713,2.3,434,288.743,2.3
2026,445.0236633,1.886041568,,,4.752666389,508.7345424,286.2598784,2.821416314,514.545999,288.2240768,2.395542153,,0.49211773,,,1.698273722,575.9950619,289.54,1.916433722,555.8163123,288.8892,1.725646188,619.3749923,286.8932,3.619930364,575.9950619,289.5739,1.916433722,575.9950619,294.5823,1.916433722,,288.2844,1.916433722,575.9950619,288.5691,1.916433722,575.9950619,288.9085,1.916433722,575.9950619,288.6937,1.916433722,575.9950619,288.8185,1.916433722,575.9950619,288.8122,1.916433722,490.12893,289.3812,1.725646188,437.4,0.6344,,,2.34408,437.4,289.4701,2.352,437.4,287.8155,2.352,437.4,289.1936,2.352,437.4,288.3233,2.352,437.4,288.3819,2.352,437.4,288.723,2.352
2027,449.8217667,1.918731992,,,4.830606167,513.6459572,286.2951888,2.874650584,518.9227428,288.2585696,2.448776423,,0.509837023,,,1.745447992,581.7550125,289.5826,1.969667992,560.8186591,288.868,1.773580804,625.5687422,286.9189,3.673164634,581.7550125,289.7107,1.969667992,581.7550125,294.4799,1.969667992,,288.4289,1.969667992,581.7550125,288.672,1.969667992,581.7550125,288.8564,1.969667992,581.7550125,288.9828,1.969667992,581.7550125,289.04,1.969667992,581.7550125,288.7455,1.969667992,494.5400903,289.4594,1.773580804,440.8,0.656744643,,,2.393931071,440.8,289.4096,2.404,440.8,287.9195,2.404,440.8,289.231,2.404,440.8,288.3214,2.404,440.8,288.376,2.404,440.8,288.8036,2.404
2028,454.61987,1.951422416,,,4.908545944,518.557372,286.3304991,2.927884854,523.2994866,288.2930624,2.502010693,,0.527556315,,,1.792622262,587.5725626,289.4658,2.022902262,565.8660271,288.8979,1.821515421,631.8244296,287.0379,3.726398905,587.5725626,289.8039,2.022902262,587.5725626,294.4118,2.022902262,,288.5514,2.022902262,587.5725626,288.9527,2.022902262,587.5725626,288.7994,2.022902262,587.5725626,288.9097,2.022902262,587.5725626,288.8174,2.022902262,587.5725626,288.6802,2.022902262,498.9909511,289.5683,1.821515421,,0.679657143,,,2.445188571,444.2,289.2335,2.456,444.2,288.096,2.456,444.2,289.3173,2.456,444.2,288.2903,2.456,444.2,288.2566,2.456,444.2,288.6836,2.456
2029,458.6152175,1.98411284,,,4.986485722,523.9826295,286.363829,2.981119124,527.6762305,288.3275552,2.555244963,,0.545275608,,,1.839796533,593.4482882,289.6002,2.076136533,570.9588213,288.8087,1.869450037,638.1426739,287.1298,3.779633175,593.4482882,289.7885,2.076136533,593.4482882,294.6622,2.076136533,,288.5528,2.076136533,593.4482882,288.933,2.076136533,593.4482882,288.758,2.076136533,593.4482882,288.8729,2.076136533,593.4482882,288.7793,2.076136533,593.4482882,288.6975,2.076136533,503.4818697,289.6244,1.869450037,,0.7031625,,,2.4979075,447.6,289.3943,2.508,447.6,287.9486,2.508,447.6,289.2444,2.508,447.6,288.3234,2.508,447.6,288.3082,2.508,447.6,288.8467,2.508
2030,462.610565,2.016803264,,,5.0644255,529.4078869,286.3971588,3.034353394,532.0529743,288.3620479,2.608479234,,0.5629949,,,1.886970803,599.3827711,289.5704,2.129370803,576.0974507,288.9251,1.917384653,644.5241007,287.2361,3.832867445,599.3827711,289.8268,2.129370803,599.3827711,294.8655,2.129370803,,288.7024,2.129370803,599.3827711,289.0037,2.129370803,599.3827711,288.7728,2.129370803,599.3827711,288.7157,2.129370803,599.3827711,288.7603,2.129370803,599.3827711,288.8742,2.129370803,508.0132065,289.625,1.917384653,,0.73,,,2.56,451,289.4589,2.56,451,287.8284,2.56,451,289.3287,2.56,451,288.3148,2.56,451,288.3986,2.56,451,288.7495,2.56
2031,466.6059125,2.049493688,,,5.134656889,534.8331444,286.4304887,3.087587664,536.4297181,288.3965407,2.661713504,,0.578282135,,,1.934145073,605.3765988,289.5906,2.182605073,581.2823278,288.9736,1.96531927,650.9693417,287.1253,3.886101715,605.3765988,289.8682,2.182605073,605.3765988,294.9037,2.182605073,,288.8922,2.182605073,605.3765988,288.8647,2.182605073,605.3765988,288.8463,2.182605073,605.3765988,288.6434,2.182605073,605.3765988,288.9415,2.182605073,605.3765988,288.7984,2.182605073,512.5853254,289.6698,1.96531927,,,,,,454.9,289.3778,2.626,454.9,288.0163,2.626,454.9,289.335,2.626,454.9,288.2394,2.626,454.9,288.4751,2.626,454.9,288.7373,2.626
2032,470.60126,2.082184112,,,5.204888278,540.2584018,286.4638186,3.140821934,540.8064619,288.4310335,2.714947774,,0.59356937,,,1.981319343,611.4303648,289.8676,2.235839343,586.5138687,288.9765,2.013253886,657.4790351,287.0608,3.939335985,611.4303648,289.94,2.235839343,611.4303648,294.9749,2.235839343,,288.7227,2.235839343,611.4303648,288.6483,2.235839343,611.4303648,289.1586,2.235839343,611.4303648,288.7751,2.235839343,611.4303648,289.0069,2.235839343,611.4303648,289.0111,2.235839343,517.1985933,289.6928,2.013253886,,,,,,458.8,289.5257,2.692,458.8,288.0847,2.692,458.8,289.4546,2.692,458.8,288.2932,2.692,458.8,288.512,2.692,458.8,288.8148,2.692
2033,474.1033167,2.114874536,,,5.275119667,545.6836593,286.4971485,3.194056204,545.1832057,288.4655263,2.768182044,,0.608856605,,,2.028493613,617.5446685,289.8352,2.289073613,591.7924935,288.9424,2.061188503,664.0538254,287.2274,3.992570255,617.5446685,289.953,2.289073613,617.5446685,295.1403,2.289073613,,288.6406,2.289073613,617.5446685,288.7513,2.289073613,617.5446685,289.1864,2.289073613,617.5446685,288.8705,2.289073613,617.5446685,288.9147,2.289073613,617.5446685,288.9067,2.289073613,521.8533807,289.7629,2.061188503,,,,,,462.7,289.459,2.758,462.7,287.8772,2.758,462.7,289.4847,2.758,462.7,288.3867,2.758,462.7,288.584,2.758,462.7,288.9463,2.758
2034,477.6053733,2.14756496,,,5.345351056,551.1089167,286.5304783,3.247290474,549.5599496,288.500019,2.821416314,,0.62414384,,,2.075667883,623.7201151,289.8022,2.342307883,597.118626,289.0559,2.109123119,670.6943637,287.3105,4.045804525,623.7201151,289.855,2.342307883,623.7201151,295.2513,2.342307883,,288.78,2.342307883,623.7201151,289.0084,2.342307883,623.7201151,289.0272,2.342307883,623.7201151,288.878,2.342307883,623.7201151,288.736,2.342307883,623.7201151,288.9696,2.342307883,526.5500611,289.7982,2.109123119,,,,,,466.6,289.4876,2.824,466.6,288.0648,2.824,466.6,289.4629,2.824,466.6,288.3317,2.824,466.6,288.5867,2.824,466.6,288.9651,2.824
2035,481.10743,2.180255384,,,5.415582444,556.5341742,286.5638082,3.300524744,553.9366934,288.5345118,2.874650584,,0.640449092,,,2.122842153,629.9573163,289.8638,2.395542153,602.4926936,288.9961,2.157057735,677.4013073,287.1866,4.099038795,629.9573163,289.9251,2.395542153,629.9573163,295.4303,2.395542153,,288.6602,2.395542153,629.9573163,289.0748,2.395542153,629.9573163,289.1192,2.395542153,629.9573163,289.0095,2.395542153,629.9573163,288.889,2.395542153,629.9573163,289.0379,2.395542153,531.2890116,289.8758,2.157057735,,,,,,470.5,289.4497,2.89,470.5,288.3451,2.89,470.5,289.6141,2.89,470.5,288.2817,2.89,470.5,288.609,2.89,470.5,288.9662,2.89
2036,484.6094867,2.212945808,,,5.485813833,561.9594316,286.5971381,3.353759014,558.3134372,288.5690046,2.927884854,,0.656754344,,,2.170016423,636.2568895,289.8338,2.448776423,607.9151279,288.9832,2.204992352,684.1753204,287.1299,4.152273065,636.2568895,289.9783,2.448776423,,,,,288.699,2.448776423,636.2568895,289.2078,2.448776423,636.2568895,289.0322,2.448776423,636.2568895,289.0664,2.448776423,636.2568895,288.8824,2.448776423,636.2568895,288.8934,2.448776423,536.0706127,289.941,2.204992352,,,,,,474.4,289.4513,2.956,474.4,288.3843,2.956,474.4,289.5694,2.956,474.4,288.4278,2.956,474.4,288.5522,2.956,474.4,288.9782,2.956
2037,488.1115433,2.245636232,,,5.556045222,567.3846891,286.6304679,3.406993284,564.3048459,288.6302748,2.981119124,,0.673059596,,,2.217190693,642.6194584,289.8836,2.502010693,613.386364,288.9968,2.252926968,691.0170736,287.2261,4.205507335,642.6194584,290.0862,2.502010693,,,,,288.708,2.502010693,642.6194584,289.4004,2.502010693,642.6194584,289.2485,2.502010693,642.6194584,289.1509,2.502010693,642.6194584,288.9348,2.502010693,642.6194584,289.115,2.502010693,540.8952482,289.9867,2.252926968,,,,,,478.3,289.4119,3.022,478.3,288.2132,3.022,478.3,289.4574,3.022,478.3,288.4611,3.022,478.3,288.6153,3.022,478.3,289.0934,3.022
2038,491.6136,2.278326656,,,5.626276611,572.8099465,286.6637978,3.460227554,570.2962546,288.691545,3.034353394,,0.689364848,,,2.264364963,649.0456529,289.8884,2.555244963,618.9068413,289.0283,2.300861584,697.9272443,287.351,4.258741605,649.0456529,290.1167,2.555244963,,,,,289.0052,2.555244963,649.0456529,289.0139,2.555244963,649.0456529,289.214,2.555244963,649.0456529,289.2182,2.555244963,649.0456529,288.9732,2.555244963,649.0456529,289.1828,2.555244963,545.7633055,290.097,2.300861584,,,,,,482.2,289.4251,3.088,482.2,288.2022,3.088,482.2,289.5872,3.088,482.2,288.3918,3.088,482.2,288.6578,3.088,482.2,289.0604,3.088
2039,495.6204233,2.31101708,,,5.696508,578.8028059,286.7142481,3.513461824,576.2876634,288.7528152,3.087587664,,0.7056701,,,2.311539233,655.5361095,290.008,2.608479233,624.4770029,288.9768,2.348796201,704.9065168,287.2656,4.311975875,655.5361095,290.1694,2.608479233,,,,,289.057,2.608479233,655.5361095,289.1511,2.608479233,655.5361095,288.8502,2.608479233,655.5361095,289.1023,2.608479233,655.5361095,288.8685,2.608479233,655.5361095,289.2603,2.608479233,550.6751752,290.1059,2.348796201,,,,,,486.1,289.5401,3.154,486.1,288.3327,3.154,486.1,289.6084,3.154,486.1,288.3536,3.154,486.1,288.7602,3.154,486.1,289.2075,3.154
2040,499.6272467,2.343707504,,,5.778659064,584.7956653,286.7646985,3.566696094,582.2790721,288.8140853,3.140821934,,0.722064934,,,2.358713503,662.0914706,290.0491,2.661713503,630.0972959,289.0967,2.396730817,711.955582,287.501,4.365210145,662.0914706,290.1374,2.661713503,,,,,288.7573,2.661713503,662.0914706,289.2667,2.661713503,662.0914706,289.0155,2.661713503,662.0914706,288.9008,2.661713503,662.0914706,288.8409,2.661713503,662.0914706,289.1931,2.661713503,555.6312518,290.1513,2.396730817,,,,,,490,289.5881,3.22,490,288.224,3.22,490,289.6568,3.22,490,288.3436,3.22,490,288.803,3.22,490,289.2519,3.22
2041,503.63407,2.376397928,,,5.860810127,590.7885247,286.8151488,3.619930364,588.2704808,288.8753555,3.194056204,,0.738459768,,,2.405887773,668.7123853,290.0655,2.714947773,635.7681715,289.1348,2.444665433,719.0751378,287.4222,4.418444415,668.7123853,290.1581,2.714947773,,,,,288.6309,2.714947773,668.7123853,289.405,2.714947773,668.7123853,288.9287,2.714947773,668.7123853,289.043,2.714947773,668.7123853,289.0423,2.714947773,668.7123853,289.3294,2.714947773,560.6319331,290.2406,2.444665433,,,,,,494.2,289.7452,3.287,494.2,288.3459,3.287,494.2,289.6992,3.287,494.2,288.3429,3.287,494.2,288.8393,3.287,494.2,289.4278,3.287
2042,507.6408933,2.409088352,,,5.942961191,596.7813841,286.8655992,3.673164634,594.2618895,288.9366257,3.247290474,,0.754854602,,,2.453062043,675.3995091,290.1793,2.768182043,641.4900851,289.1881,2.49260005,726.2658892,287.3846,4.471678685,675.3995091,290.1831,2.768182043,,,,,288.7494,2.768182043,675.3995091,289.2164,2.768182043,675.3995091,289.2509,2.768182043,675.3995091,289.2429,2.768182043,675.3995091,289.1578,2.768182043,675.3995091,289.4865,2.768182043,565.6776205,290.2004,2.49260005,,,,,,498.4,289.7681,3.354,498.4,288.3574,3.354,498.4,289.8187,3.354,498.4,288.3393,3.354,498.4,288.8877,3.354,498.4,289.3995,3.354
2043,511.6477167,2.441778776,,,6.025112255,602.7742435,286.9160495,3.726398905,600.2532982,288.9978959,3.300524744,,0.771249436,,,2.500236313,682.1535042,290.0312,2.821416313,647.2634959,289.1985,2.540534666,733.528548,287.5313,4.524912955,682.1535042,290.2492,2.821416313,,,,,288.9415,2.821416313,682.1535042,289.2196,2.821416313,682.1535042,289.2563,2.821416313,682.1535042,289.1339,2.821416313,682.1535042,289.152,2.821416313,682.1535042,289.3472,2.821416313,570.7687191,290.1878,2.540534666,,,,,,502.6,289.7191,3.421,502.6,288.3611,3.421,502.6,289.9478,3.421,502.6,288.4785,3.421,502.6,288.8423,3.421,502.6,289.4178,3.421
2044,515.65454,2.4744692,,,6.107263318,608.7671029,286.9664998,3.779633175,606.244707,289.0591661,3.353759015,,0.78764427,,,2.547410583,688.9750393,290.1436,2.874650583,653.0888673,289.1679,2.588469282,740.8638335,287.4825,4.578147226,688.9750393,290.366,2.874650583,,,,,289.0175,2.874650583,688.9750393,289.3019,2.874650583,688.9750393,289.3395,2.874650583,688.9750393,289.2921,2.874650583,688.9750393,289.3794,2.874650583,688.9750393,289.4395,2.874650583,575.9056375,290.2457,2.588469282,,,,,,506.8,289.6619,3.488,506.8,288.3663,3.488,506.8,289.911,3.488,506.8,288.493,3.488,506.8,288.8881,3.488,506.8,289.4895,3.488
2045,520.04538,2.507558675,,,6.189414382,614.7599623,287.0169502,3.832867445,612.2361157,289.1204363,3.406993285,,0.811109863,,,2.594584854,695.8647897,290.1855,2.927884854,658.9666671,289.1856,2.636403899,748.2724719,287.5406,4.631381496,695.8647897,290.4498,2.927884854,,,,,289.0415,2.927884854,695.8647897,289.2277,2.927884854,695.8647897,289.2827,2.927884854,695.8647897,289.3933,2.927884854,695.8647897,289.4915,2.927884854,695.8647897,289.3706,2.927884854,581.0887883,290.3787,2.636403899,,,,,,511,289.7901,3.555,511,288.5616,3.555,511,289.9296,3.555,511,288.4715,3.555,511,288.9257,3.555,511,289.5988,3.555
2046,524.43622,2.54064815,,,6.271565445,620.7528217,287.0674005,3.886101715,618.2275244,289.1817065,3.460227555,,0.834575457,,,2.641759124,702.8234375,290.3576,2.981119124,664.8973671,289.3034,2.684338515,755.7551966,287.5698,4.684615766,702.8234375,290.4189,2.981119124,,,,,289.1624,2.981119124,702.8234375,289.2534,2.981119124,702.8234375,289.0924,2.981119124,702.8234375,289.4623,2.981119124,702.8234375,289.3216,2.981119124,702.8234375,289.4901,2.981119124,586.3185874,290.5306,2.684338515,,,,,,515.2,289.8045,3.622,515.2,288.6314,3.622,515.2,289.876,3.622,515.2,288.4601,3.622,515.2,288.9639,3.622,515.2,289.7459,3.622
2047,528.82706,2.573737625,,,6.353716509,626.7456811,287.1178509,3.939335985,624.2189331,289.2429767,3.513461825,,0.85804105,,,2.688933394,709.8516719,290.3115,3.034353394,670.8814434,289.3857,2.732273131,763.3127485,287.7611,4.737850036,709.8516719,290.3933,3.034353394,,,,,289.1728,3.034353394,709.8516719,289.2748,3.034353394,709.8516719,289.2181,3.034353394,709.8516719,289.5028,3.034353394,709.8516719,289.2279,3.034353394,709.8516719,289.496,3.034353394,591.5954546,290.6024,2.732273131,,,,,,519.4,289.8974,3.689,519.4,288.8697,3.689,519.4,289.9264,3.689,519.4,288.5107,3.689,519.4,288.9778,3.689,519.4,289.732,3.689
2048,533.2179,2.6068271,,,6.435867573,632.7385405,287.1683012,3.992570255,630.2103418,289.3042468,3.566696095,,0.874713467,,,2.736107664,716.9501886,290.3244,3.087587664,676.9193764,289.4694,2.780207748,770.945876,287.7511,4.791084306,716.9501886,290.3803,3.087587664,,,,,289.1528,3.087587664,716.9501886,289.3088,3.087587664,716.9501886,289.2482,3.087587664,716.9501886,289.5514,3.087587664,716.9501886,289.383,3.087587664,716.9501886,289.4452,3.087587664,596.9198137,290.6807,2.780207748,,,,,,523.6,290.0438,3.756,523.6,288.8339,3.756,523.6,289.9457,3.756,523.6,288.633,3.756,523.6,289.081,3.756,523.6,289.6854,3.756
2049,536.8894,2.639916575,,,6.518018636,639.3583856,287.1996983,4.045804525,636.2017506,289.365517,3.619930365,,0.891385883,,,2.783281934,724.1196905,290.2851,3.140821934,683.0116508,289.4864,2.828142364,778.6553348,287.8361,4.844318576,724.1196905,290.4115,3.140821934,,,,,289.1924,3.140821934,724.1196905,289.521,3.140821934,724.1196905,289.4682,3.140821934,724.1196905,289.7204,3.140821934,724.1196905,289.4975,3.140821934,724.1196905,289.4418,3.140821934,602.2920921,290.6983,2.828142364,,,,,,527.8,290.0408,3.823,527.8,288.6948,3.823,527.8,289.9341,3.823,527.8,288.6993,3.823,527.8,289.0295,3.823,527.8,289.6938,3.823
2050,540.5609,2.67300605,,,6.6001697,645.9782307,287.2310955,4.099038795,642.1931593,289.4267872,3.673164635,,0.9080583,,,2.830456204,731.3608874,290.402,3.194056204,689.1587557,289.5059,2.87607698,786.4418881,287.846,4.897552846,731.3608874,290.4338,3.194056204,,,,,289.3001,3.194056204,731.3608874,289.539,3.194056204,731.3608874,289.398,3.194056204,731.3608874,289.6376,3.194056204,731.3608874,289.3288,3.194056204,731.3608874,289.5513,3.194056204,607.7127209,290.6678,2.87607698,,,,,,532,289.982,3.89,532,288.5888,3.89,532,289.934,3.89,532,288.6041,3.89,532,289.0951,3.89,532,289.7894,3.89
2051,544.7399,2.706095525,,,6.6694939,652.5980758,287.2624926,4.152273065,648.184568,289.4880574,3.726398905,,0.927814467,,,2.877630474,738.6744963,290.4426,3.247290474,695.3611845,289.572,2.924011597,794.306307,287.9842,4.950787116,738.6744963,290.5322,3.247290474,,,,,289.681,3.247290474,738.6744963,289.5939,3.247290474,738.6744963,289.543,3.247290474,738.6744963,289.23,3.247290474,738.6744963,289.4389,3.247290474,738.6744963,289.7071,3.247290474,613.1821354,290.7698,2.924011597,,,,,,536.8,290.114,3.972,536.8,288.6671,3.972,536.8,290.1037,3.972,536.8,288.5932,3.972,536.8,289.2926,3.972,536.8,289.8346,3.972
2052,548.9189,2.739185,,,6.7388181,659.2179209,287.2938897,4.205507335,,,,,0.947570633,,,2.924804744,746.0612413,290.4903,3.300524744,701.6194351,289.6092,2.971946213,802.2493701,288.0818,5.004021386,746.0612413,290.5956,3.300524744,,,,,289.298,3.300524744,746.0612413,289.2952,3.300524744,746.0612413,289.4924,3.300524744,746.0612413,289.2464,3.300524744,746.0612413,289.4556,3.300524744,746.0612413,289.5342,3.300524744,618.7007746,290.8377,2.971946213,,,,,,541.6,290.0381,4.054,541.6,288.7915,4.054,541.6,290.0931,4.054,541.6,288.6985,4.054,541.6,289.3094,4.054,541.6,290.0069,4.054
2053,554.4459333,2.767325611,,,6.8081423,665.837766,287.3252869,4.258741605,,,,,0.9673268,,,2.971979014,753.5218537,290.5144,3.353759014,707.93401,289.6102,3.019880829,810.2718638,287.9739,5.057255656,753.5218537,290.5596,3.353759014,,,,,289.2628,3.353759014,753.5218537,289.1637,3.353759014,753.5218537,289.7376,3.353759014,753.5218537,289.44,3.353759014,753.5218537,289.5067,3.353759014,753.5218537,289.4561,3.353759014,624.2690816,290.8135,3.019880829,,,,,,546.4,290.2217,4.136,546.4,288.9418,4.136,546.4,290.1343,4.136,546.4,288.6862,4.136,546.4,289.3392,4.136,546.4,289.9712,4.136
2054,559.9729667,2.795466222,,,6.8774665,672.457611,287.356684,4.311975875,,,,,0.989320275,,,3.019153284,761.0570722,290.5404,3.406993284,714.3054161,289.6396,3.067815446,818.3745824,287.8865,5.110489926,761.0570722,290.5936,3.406993284,,,,,289.5339,3.406993284,761.0570722,289.349,3.406993284,761.0570722,289.4749,3.406993284,761.0570722,289.6735,3.406993284,761.0570722,289.5618,3.406993284,761.0570722,289.6194,3.406993284,629.8875033,290.8909,3.067815446,,,,,,551.2,290.2694,4.218,551.2,288.8046,4.218,551.2,290.1134,4.218,551.2,288.6414,4.218,551.2,289.3665,4.218,551.2,290.0626,4.218
2055,565.5,2.823606833,,,6.9467907,679.0774561,287.3880811,4.365210145,,,,,1.01131375,,,3.066327554,768.6676429,290.5171,3.460227554,720.7341649,289.6611,3.115750062,826.5583283,287.9719,5.163724196,768.6676429,290.595,3.460227554,,,,,289.7353,3.460227554,768.6676429,289.6067,3.460227554,768.6676429,289.2409,3.460227554,768.6676429,289.6123,3.460227554,768.6676429,289.5232,3.460227554,768.6676429,289.7999,3.460227554,635.5564908,290.9375,3.115750062,,,,,,556,290.2909,4.3,556,288.7991,4.3,556,290.1417,4.3,556,288.8035,4.3,556,289.4764,4.3,556,290.0117,4.3
2056,570.57582,2.851747444,,,7.0161149,685.6973012,287.4194782,4.418444415,,,,,1.033307225,,,3.113501824,776.3543194,290.5057,3.513461824,727.2207724,289.6602,3.163684678,834.8239115,288.0469,5.216958466,776.3543194,290.6177,3.513461824,,,,,289.6047,3.513461824,776.3543194,289.7418,3.513461824,776.3543194,289.4374,3.513461824,776.3543194,289.6441,3.513461824,776.3543194,289.4947,3.513461824,776.3543194,289.6636,3.513461824,641.2764992,291.0866,3.163684678,,,,,,560.8,290.267,4.382,560.8,288.9417,4.382,560.8,290.2337,4.382,560.8,288.7271,4.382,560.8,289.4499,4.382,560.8,290.2061,4.382
2057,575.65164,2.879888056,,,7.0854391,692.3171463,287.4508754,4.471678685,,,,,1.0553007,,,3.160676094,784.1178626,290.5914,3.566696094,733.7657593,289.6991,3.211619295,843.1721507,288.0157,5.270192736,784.1178626,290.7688,3.566696094,,,,,289.8036,3.566696094,784.1178626,289.7525,3.566696094,784.1178626,289.686,3.566696094,784.1178626,289.7774,3.566696094,784.1178626,289.5818,3.566696094,784.1178626,289.8697,3.566696094,647.0479877,291.1632,3.211619295,,,,,,565.6,290.2711,4.464,565.6,289.1626,4.464,565.6,290.281,4.464,565.6,288.6654,4.464,565.6,289.5423,4.464,565.6,290.174,4.464
2058,580.72746,2.908028667,,,7.1547633,698.9369914,287.4822725,4.524912955,,,,,1.0753658,,,3.207850364,791.9590412,290.6044,3.619930364,740.3696511,289.6644,3.259553911,,,,791.9590412,290.8032,3.619930364,,,,,289.6263,3.619930364,791.9590412,289.7003,3.619930364,791.9590412,289.6942,3.619930364,791.9590412,289.6544,3.619930364,791.9590412,289.8146,3.619930364,791.9590412,289.7024,3.619930364,652.8714196,291.1425,3.259553911,,,,,,570.4,290.4159,4.546,570.4,288.8664,4.546,570.4,290.2638,4.546,570.4,-999,4.546,570.4,289.4658,4.546,570.4,290.1061,4.546
2059,585.80328,2.936169278,,,7.2240875,706.2494188,287.5281109,4.578147225,,,,,1.0954309,,,3.255024634,799.8786316,290.7106,3.673164634,747.032978,289.7052,3.307488527,,,,799.8786316,290.9053,3.673164634,,,,,289.4481,3.673164634,799.8786316,289.7828,3.673164634,799.8786316,289.789,3.673164634,799.8786316,289.7625,3.673164634,799.8786316,289.7845,3.673164634,799.8786316,289.6651,3.673164634,658.7472624,291.1214,3.307488527,,,,,,575.2,290.4591,4.628,575.2,289.0811,4.628,575.2,290.3445,4.628,575.2,288.7655,4.628,575.2,289.5658,4.628,575.2,290.3131,4.628
2060,590.8791,2.964309889,,,7.2934117,713.5618461,287.5739492,4.631381495,,,,,1.115496,,,3.302198905,807.8774179,290.8578,3.726398905,753.7562748,289.7294,3.355423144,,,,807.8774179,290.7581,3.726398905,,,,,289.6763,3.726398905,807.8774179,289.7741,3.726398905,807.8774179,289.7082,3.726398905,807.8774179,289.7004,3.726398905,807.8774179,289.7262,3.726398905,807.8774179,289.76,3.726398905,664.6759878,291.2061,3.355423144,,,,,,580,290.5016,4.71,580,289.292,4.71,580,290.3028,4.71,580,288.8888,4.71,580,289.6058,4.71,580,290.3818,4.71
2061,596.322025,2.9924505,,,7.35996653,720.8742735,287.6197876,4.684615765,,,,,1.1365641,,,3.349373175,815.9561921,290.831,3.779633175,760.5400813,289.7375,3.40335776,,,,815.9561921,290.8468,3.779633175,,,,,289.7503,3.779633175,815.9561921,289.7414,3.779633175,815.9561921,289.664,3.779633175,815.9561921,289.7775,3.779633175,815.9561921,289.863,3.779633175,815.9561921,289.8305,3.779633175,670.6580717,291.3428,3.40335776,,,,,,585.5,290.6037,4.795,585.5,289.2604,4.795,585.5,290.4293,4.795,585.5,288.8833,4.795,585.5,289.6222,4.795,585.5,290.3309,4.795
2062,601.76495,3.028895422,,,7.42652136,728.1867008,287.665626,4.737850035,,,,,1.1576322,,,3.396547445,824.115754,290.7574,3.832867445,767.384942,289.644,3.451292376,,,,824.115754,290.8978,3.832867445,,,,,289.6405,3.832867445,824.115754,289.8165,3.832867445,824.115754,289.8812,3.832867445,824.115754,289.8307,3.832867445,824.115754,289.8506,3.832867445,824.115754,289.8473,3.832867445,676.6939943,291.4021,3.451292376,,,,,,591,290.6992,4.88,591,289.2504,4.88,591,290.4875,4.88,591,289.0416,4.88,591,289.6441,4.88,591,290.4236,4.88
2063,607.207875,3.065340344,,,7.49307619,735.4991282,287.7114644,4.791084306,,,,,1.1787003,,,3.443721715,832.3569116,290.8549,3.886101715,774.2914065,289.8364,3.499226993,,,,832.3569116,290.938,3.886101715,,,,,289.5345,3.886101715,832.3569116,289.9058,3.886101715,832.3569116,290.096,3.886101715,832.3569116,289.8978,3.886101715,832.3569116,289.8973,3.886101715,832.3569116,289.8975,3.886101715,682.7842403,291.4473,3.499226993,,,,,,596.5,290.7563,4.965,596.5,289.1101,4.965,596.5,290.5667,4.965,596.5,289.053,4.965,596.5,289.6875,4.965,596.5,290.5755,4.965
2064,612.6508,3.101785267,,,7.55963102,742.8115556,287.7573027,4.844318576,,,,,1.1997684,,,3.490895985,840.6804807,290.8082,3.939335985,781.2600292,289.8256,3.547161609,,,,840.6804807,291.04,3.939335985,,,,,289.6012,3.939335985,840.6804807,289.8088,3.939335985,840.6804807,289.777,3.939335985,840.6804807,289.9396,3.939335985,840.6804807,289.7861,3.939335985,840.6804807,290.0593,3.939335985,688.9292984,291.6501,3.547161609,,,,,,602,290.8541,5.05,602,289.4143,5.05,602,290.6484,5.05,602,289.0946,5.05,602,289.6661,5.05,602,290.6994,5.05
2065,618.94758,3.138230189,,,7.62618585,750.1239829,287.8031411,4.897552846,,,,,1.222456733,,,3.538070255,849.0872855,290.8273,3.992570255,788.2913694,289.8404,3.595096225,,,,849.0872855,291.0022,3.992570255,,,,,289.7082,3.992570255,849.0872855,289.9476,3.992570255,849.0872855,289.9821,3.992570255,849.0872855,289.8137,3.992570255,849.0872855,289.8977,3.992570255,849.0872855,290.0923,3.992570255,695.1296621,291.7265,3.595096225,,,,,,607.5,290.7498,5.135,607.5,289.5761,5.135,607.5,290.6455,5.135,607.5,289.2101,5.135,607.5,289.7305,5.135,607.5,290.7179,5.135
2066,625.24436,3.174675111,,,7.69274068,757.4364103,287.8489795,4.950787116,,,,,1.245145067,,,3.585244525,857.5781583,290.7992,4.045804525,795.3859917,289.897,3.643030842,,,,857.5781583,290.9663,4.045804525,,,,,289.7806,4.045804525,857.5781583,289.9806,4.045804525,857.5781583,289.9484,4.045804525,857.5781583,289.8779,4.045804525,857.5781583,289.8723,4.045804525,857.5781583,290.1608,4.045804525,701.3858291,291.6565,3.643030842,,,,,,613,290.9693,5.22,613,289.6404,5.22,613,290.6309,5.22,613,289.0231,5.22,613,289.7749,5.22,613,290.8968,5.22
2067,631.54114,3.211120033,,,7.75929551,764.7488376,287.8948178,5.004021386,,,,,1.2678334,,,3.632418795,866.1539399,290.9918,4.099038795,802.5444657,289.9864,3.690965458,,,,866.1539399,291.0802,4.099038795,,,,,289.6762,4.099038795,866.1539399,289.9497,4.099038795,866.1539399,289.999,4.099038795,866.1539399,289.9477,4.099038795,866.1539399,289.9078,4.099038795,866.1539399,289.9934,4.099038795,707.6983015,291.8486,3.690965458,,,,,,618.5,290.8829,5.305,618.5,289.2428,5.305,618.5,290.6958,5.305,618.5,289.1462,5.305,618.5,289.8058,5.305,618.5,290.7734,5.305
2068,636.19263,3.247564956,,,7.82585034,772.061265,287.9406562,5.057255656,,,,,1.28978122,,,3.679593065,874.8154793,290.9431,4.152273065,809.7673659,290.0279,3.738900074,,,,874.8154793,291.1299,4.152273065,,,,,289.5835,4.152273065,874.8154793,290.048,4.152273065,874.8154793,289.805,4.152273065,874.8154793,289.8982,4.152273065,874.8154793,290.0185,4.152273065,874.8154793,290.0634,4.152273065,714.0675862,291.8761,3.738900074,,,,,,624,290.8995,5.39,624,289.3454,5.39,624,290.7117,5.39,624,289.1573,5.39,624,289.9771,5.39,624,290.9724,5.39
2069,640.84412,3.284009878,,,7.89240517,,,,,,,,1.31172904,,,3.726767335,883.5636341,291.2279,4.205507335,817.0552721,290.0832,3.786834691,,,,883.5636341,291.1181,4.205507335,,,,,289.742,4.205507335,883.5636341,290.003,4.205507335,883.5636341,290.0906,4.205507335,883.5636341,290.0019,4.205507335,883.5636341,290.0535,4.205507335,883.5636341,290.1754,4.205507335,720.4941945,291.9002,3.786834691,,,,,,629.5,291.0706,5.475,629.5,289.688,5.475,629.5,290.8821,5.475,629.5,289.3172,5.475,629.5,290.0485,5.475,629.5,291.0019,5.475
2070,645.49561,3.3204548,,,7.95896,,,,,,,,1.33367686,,,3.773941605,892.3992705,291.0458,4.258741605,824.4087696,290.1469,3.834769307,,,,892.3992705,291.2859,4.258741605,,,,,290.1578,4.258741605,892.3992705,289.9798,4.258741605,892.3992705,290.1662,4.258741605,892.3992705,290.0273,4.258741605,892.3992705,290.3647,4.258741605,892.3992705,290.2142,4.258741605,726.9786423,291.929,3.834769307,,,,,,635,291.0453,5.56,635,289.5562,5.56,635,290.8734,5.56,635,289.3637,5.56,635,290.0545,5.56,635,291.2562,5.56
2071,650.1471,3.34789867,,,8.0257921,,,,,,,,1.35562468,,,3.821115875,901.3232632,291.1304,4.311975875,831.8284485,290.159,3.882703923,,,,901.3232632,291.2446,4.311975875,,,,,290.3541,4.311975875,901.3232632,290.2719,4.311975875,901.3232632,290.1458,4.311975875,901.3232632,290.0186,4.311975875,901.3232632,290.3926,4.311975875,901.3232632,290.2667,4.311975875,733.52145,292.0623,3.882703923,,,,,,641.3,290.9984,5.644,641.3,289.633,5.644,641.3,291.0034,5.644,641.3,289.3319,5.644,641.3,290.0879,5.644,641.3,291.138,5.644
2072,654.79635,3.37534254,,,8.0926242,,,,,,,,1.3775725,,,3.868290145,910.3364958,291.0416,4.365210145,839.3149046,290.1837,3.93063854,,,,910.3364958,291.2615,4.365210145,,,,,290.0198,4.365210145,910.3364958,290.2168,4.365210145,910.3364958,290.2237,4.365210145,910.3364958,290.1952,4.365210145,910.3364958,290.4466,4.365210145,910.3364958,290.2371,4.365210145,740.1231431,292.0348,3.93063854,,,,,,647.6,291.1887,5.728,647.6,289.5767,5.728,647.6,291.0836,5.728,647.6,289.3424,5.728,647.6,290.1362,5.728,647.6,291.2148,5.728
2073,659.4456,3.40278641,,,8.1594563,,,,,,,,1.4008768,,,3.915464415,919.4398607,291.0876,4.418444415,846.8687387,290.2373,3.978573156,,,,919.4398607,291.2682,4.418444415,,,,,289.7974,4.418444415,919.4398607,290.0506,4.418444415,919.4398607,290.186,4.418444415,919.4398607,290.169,4.418444415,919.4398607,290.046,4.418444415,919.4398607,290.2686,4.418444415,746.7842514,292.2501,3.978573156,,,,,,653.9,291.2084,5.812,653.9,289.4573,5.812,653.9,291.0492,5.812,653.9,289.3607,5.812,653.9,290.0371,5.812,653.9,291.1936,5.812
2074,664.09485,3.43023028,,,8.2262884,,,,,,,,1.4241811,,,3.962638685,928.6342594,291.2528,4.471678685,854.4905574,290.3702,4.026507772,,,,928.6342594,291.3702,4.471678685,,,,,289.8904,4.471678685,928.6342594,290.1267,4.471678685,928.6342594,290.354,4.471678685,928.6342594,289.986,4.471678685,928.6342594,290.111,4.471678685,928.6342594,290.2188,4.471678685,753.5053096,292.3172,4.026507772,,,,,,660.2,291.2567,5.896,660.2,289.5073,5.896,660.2,291.0928,5.896,660.2,289.3741,5.896,660.2,290.137,5.896,660.2,291.2591,5.896
2075,668.7441,3.45767415,,,8.2931205,,,,,,,,1.4474854,,,4.009812955,937.9206019,291.283,4.524912955,862.1809724,290.3776,4.074442389,,,,937.9206019,291.3012,4.524912955,,,,,290.1566,4.524912955,937.9206019,290.2541,4.524912955,937.9206019,290.3992,4.524912955,937.9206019,290.2927,4.524912955,937.9206019,290.2635,4.524912955,937.9206019,290.36,4.524912955,760.2868574,292.3535,4.074442389,,,,,,666.5,291.3582,5.98,666.5,289.712,5.98,666.5,291.0732,5.98,666.5,289.3282,5.98,666.5,290.1516,5.98,666.5,291.4162,5.98
2076,678.84766,3.48511802,,,8.3599526,,,,,,,,1.467396233,,,4.056987226,947.299808,291.3182,4.578147226,869.9406011,290.2762,4.122377005,,,,947.299808,291.4808,4.578147226,,,,,290.3447,4.578147226,947.299808,290.2882,4.578147226,947.299808,290.3409,4.578147226,947.299808,290.3055,4.578147226,947.299808,290.4103,4.578147226,947.299808,290.4471,4.578147226,767.1294391,292.4075,4.122377005,,,,,,672.8,291.3471,6.064,672.8,289.8073,6.064,672.8,291.152,6.064,672.8,289.3667,6.064,672.8,290.2815,6.064,672.8,291.598,6.064
2077,684.42884,3.51256189,,,8.4267847,,,,,,,,1.487307067,,,4.104161496,956.772806,291.1649,4.631381496,877.7700665,290.3139,4.170311621,,,,956.772806,291.5047,4.631381496,,,,,290.1177,4.631381496,956.772806,290.1287,4.631381496,956.772806,290.2662,4.631381496,956.772806,290.2747,4.631381496,956.772806,290.1857,4.631381496,956.772806,290.4253,4.631381496,774.0336041,292.5199,4.170311621,,,,,,679.1,291.4208,6.148,679.1,289.7602,6.148,679.1,291.2644,6.148,679.1,289.4012,6.148,679.1,290.299,6.148,679.1,291.6585,6.148
2078,690.01002,3.54000576,,,8.4936168,,,,,,,,1.5072179,,,4.151335766,966.3405341,291.2417,4.684615766,885.6699971,290.3294,4.218246238,,,,966.3405341,291.4291,4.684615766,,,,,289.9569,4.684615766,966.3405341,290.4355,4.684615766,966.3405341,290.2516,4.684615766,966.3405341,290.4628,4.684615766,966.3405341,290.3962,4.684615766,966.3405341,290.4067,4.684615766,780.9999065,292.511,4.218246238,,,,,,685.4,291.4249,6.232,685.4,289.8554,6.232,685.4,291.2691,6.232,685.4,289.4283,6.232,685.4,290.4675,6.232,685.4,291.6237,6.232
2079,695.5912,3.56744963,,,8.5604489,,,,,,,,1.530366875,,,4.198510036,976.0039395,291.1389,4.737850036,893.6410271,290.3489,4.266180854,,,,976.0039395,291.4314,4.737850036,,,,,290.2529,4.737850036,976.0039395,290.5929,4.737850036,976.0039395,290.4302,4.737850036,976.0039395,290.4465,4.737850036,976.0039395,290.3764,4.737850036,976.0039395,290.5366,4.737850036,788.0289057,292.5512,4.266180854,,,,,,691.7,291.3451,6.316,691.7,289.8942,6.316,691.7,291.3943,6.316,691.7,289.3713,6.316,691.7,290.5657,6.316,691.7,291.7661,6.316
2080,703.1448,3.5948935,,,8.627281,,,,,,,,1.55351585,,,4.245684306,985.7639788,291.2295,4.791084306,901.6837963,290.3954,4.31411547,,,,985.7639788,291.4752,4.791084306,,,,,290.4568,4.791084306,985.7639788,290.5635,4.791084306,985.7639788,290.2879,4.791084306,985.7639788,290.5114,4.791084306,985.7639788,290.2664,4.791084306,985.7639788,290.4908,4.791084306,795.1211658,292.6596,4.31411547,,,,,,698,291.4058,6.4,698,290.1052,6.4,698,291.4886,6.4,698,289.5443,6.4,698,290.5851,6.4,698,291.947,6.4
2081,710.6984,3.629845978,,,8.6913444,,,,,,,,1.576664825,,,4.292858576,995.6216186,291.3482,4.844318576,909.7989505,290.4196,4.362050087,,,,995.6216186,291.4718,4.844318576,,,,,290.4921,4.844318576,995.6216186,290.5016,4.844318576,995.6216186,290.5178,4.844318576,995.6216186,290.5033,4.844318576,995.6216186,290.1758,4.844318576,995.6216186,290.4842,4.844318576,802.2772563,292.7184,4.362050087,,,,,,705.3,291.4292,6.482,705.3,290.4356,6.482,705.3,291.4871,6.482,705.3,289.571,6.482,705.3,290.527,6.482,705.3,291.9242,6.482
2082,718.252,3.664798456,,,8.7554078,,,,,,,,1.5998138,,,4.340032846,1005.577835,291.42,4.897552846,917.9871411,290.5022,4.409984703,,,,1005.577835,291.5025,4.897552846,,,,,290.3229,4.897552846,1005.577835,290.4191,4.897552846,1005.577835,290.4925,4.897552846,1005.577835,290.4494,4.897552846,1005.577835,290.2895,4.897552846,1005.577835,290.4186,4.897552846,809.4977516,292.7897,4.409984703,,,,,,712.6,291.5718,6.564,712.6,290.2643,6.564,712.6,291.5591,6.564,712.6,289.7284,6.564,712.6,290.5886,6.564,712.6,292.0523,6.564
2083,723.881288,3.699750933,,,8.8194712,,,,,,,,1.621225375,,,4.387207116,1015.633613,291.5046,4.950787116,926.2490253,290.5068,4.457919319,,,,1015.633613,291.6403,4.950787116,,,,,290.2479,4.950787116,1015.633613,290.668,4.950787116,1015.633613,290.3001,4.950787116,1015.633613,290.3046,4.950787116,1015.633613,290.5387,4.950787116,1015.633613,290.5511,4.950787116,816.7832314,292.8915,4.457919319,,,,,,719.9,291.7252,6.646,719.9,290.3117,6.646,719.9,291.6184,6.646,719.9,289.4989,6.646,719.9,290.6996,6.646,719.9,292.1978,6.646
2084,729.510576,3.734703411,,,8.8835346,,,,,,,,1.64263695,,,4.434381386,1025.789949,291.4269,5.004021386,934.5852666,290.5881,4.505853936,,,,1025.789949,291.572,5.004021386,,,,,290.3903,5.004021386,1025.789949,290.7058,5.004021386,1025.789949,290.5631,5.004021386,1025.789949,290.6238,5.004021386,1025.789949,290.4266,5.004021386,1025.789949,290.6679,5.004021386,824.1342805,292.9047,4.505853936,,,,,,727.2,291.6588,6.728,727.2,290.4586,6.728,727.2,291.5771,6.728,727.2,289.6047,6.728,727.2,290.8407,6.728,727.2,292.2377,6.728
2085,735.139864,3.769655889,,,8.947598,,,,,,,,1.664048525,,,4.481555656,1036.047849,291.542,5.057255656,942.996534,290.5771,4.553788552,,,,,,,,,,,290.1836,5.057255656,1036.047849,290.7878,5.057255656,1036.047849,290.5803,5.057255656,1036.047849,290.7583,5.057255656,1036.047849,290.554,5.057255656,1036.047849,290.599,5.057255656,831.551489,293.0347,4.553788552,,,,,,734.5,291.5841,6.81,734.5,290.3473,6.81,734.5,291.6953,6.81,734.5,289.6527,6.81,734.5,290.7486,6.81,734.5,292.4278,6.81
2086,740.769152,3.804608367,,,9.0116614,,,,,,,,1.6854601,,,4.528729926,1046.408327,291.5809,5.110489926,951.4835028,290.6346,4.601723168,,,,,,,,,,,290.2032,5.110489926,1046.408327,290.9614,5.110489926,1046.408327,290.4124,5.110489926,1046.408327,290.7162,5.110489926,1046.408327,290.6061,5.110489926,1046.408327,290.6392,5.110489926,839.0354524,293.0911,4.601723168,,,,,,741.8,291.5937,6.892,741.8,290.0901,6.892,741.8,291.7491,6.892,741.8,289.5971,6.892,741.8,290.9067,6.892,741.8,292.402,6.892
2087,746.39844,3.839560844,,,9.0757248,,,,,,,,1.70930285,,,4.575904196,1056.872411,291.766,5.163724196,960.0468543,290.6316,4.649657785,,,,,,,,,,,290.3201,5.163724196,1056.872411,290.8925,5.163724196,1056.872411,290.5285,5.163724196,1056.872411,290.7228,5.163724196,1056.872411,290.4758,5.163724196,1056.872411,290.6977,5.163724196,846.5867715,293.0459,4.649657785,,,,,,749.1,291.678,6.974,749.1,290.3332,6.974,749.1,291.7688,6.974,749.1,289.7184,6.974,749.1,290.8735,6.974,749.1,292.4135,6.974
2088,753.90314,3.874513322,,,9.1397882,,,,,,,,1.7331456,,,4.623078466,1067.441135,291.5459,5.216958466,968.687276,290.6338,4.697592401,,,,,,,,,,,290.1587,5.216958466,1067.441135,290.9919,5.216958466,1067.441135,290.5736,5.216958466,1067.441135,290.796,5.216958466,1067.441135,290.6034,5.216958466,1067.441135,290.6923,5.216958466,854.2060524,293.108,4.697592401,,,,,,756.4,291.7997,7.056,756.4,290.4613,7.056,756.4,291.8279,7.056,756.4,289.7064,7.056,756.4,290.8998,7.056,756.4,292.4534,7.056
2089,761.40784,3.9094658,,,9.2038516,,,,,,,,1.75698835,,,4.670252736,1078.115546,291.5217,5.270192736,977.4054615,290.6626,4.745527017,,,,,,,,,,,290.3517,5.270192736,1078.115546,290.8445,5.270192736,1078.115546,290.5303,5.270192736,1078.115546,290.8256,5.270192736,1078.115546,290.6478,5.270192736,1078.115546,290.8208,5.270192736,861.8939069,293.175,4.745527017,,,,,,763.7,291.8909,7.138,763.7,290.2603,7.138,763.7,291.8313,7.138,763.7,289.6466,7.138,763.7,290.9987,7.138,763.7,292.5114,7.138
2090,768.91254,3.938421182,,,9.267915,,,,,,,,1.7808311,,,4.717427006,1088.896701,291.5757,5.323427006,986.2021106,290.6635,4.793461634,,,,,,,,,,,290.2801,5.323427006,1088.896701,290.6623,5.323427006,1088.896701,290.5493,5.323427006,1088.896701,290.8607,5.323427006,1088.896701,290.5453,5.323427006,1088.896701,290.9862,5.323427006,869.6509521,293.2218,4.793461634,,,,,,771,291.8171,7.22,771,290.4116,7.22,771,291.8622,7.22,771,289.8077,7.22,771,291.074,7.22,771,292.4052,7.22
2091,774.3732733,3.967376564,,,9.3364105,,,,,,,,1.8066409,,,4.764601277,1099.785668,291.3831,5.376661277,995.0779296,290.7078,4.84139625,,,,,,,,,,,290.3385,5.376661277,1099.785668,290.8795,5.376661277,1099.785668,290.7241,5.376661277,1099.785668,290.836,5.376661277,1099.785668,290.5831,5.376661277,1099.785668,290.7502,5.376661277,877.4778106,293.2375,4.84139625,,,,,,779.5,291.8632,7.305,779.5,290.5566,7.305,779.5,291.9348,7.305,779.5,289.8529,7.305,779.5,291.1184,7.305,779.5,292.5982,7.305
2092,779.8340067,3.996331945,,,9.404906,,,,,,,,1.8324507,,,4.811775547,1110.783525,291.5109,5.429895547,1004.033631,290.9465,4.889330866,,,,,,,,,,,290.3904,5.429895547,1110.783525,290.9521,5.429895547,1110.783525,290.9191,5.429895547,1110.783525,290.7736,5.429895547,1110.783525,290.8992,5.429895547,1110.783525,290.7077,5.429895547,885.3751109,293.3441,4.889330866,,,,,,788,291.902,7.39,788,290.5638,7.39,788,292.117,7.39,788,289.8929,7.39,788,291.1804,7.39,788,292.7936,7.39
2093,785.29474,4.025287327,,,9.4734015,,,,,,,,1.8582605,,,4.858949817,1121.89136,291.6654,5.483129817,1013.069934,290.9653,4.937265483,,,,,,,,,,,290.7117,5.483129817,1121.89136,290.983,5.483129817,1121.89136,290.9183,5.483129817,1121.89136,290.8855,5.483129817,1121.89136,290.835,5.483129817,1121.89136,290.8989,5.483129817,893.3434869,293.484,4.937265483,,,,,,796.5,291.9275,7.475,796.5,290.4625,7.475,796.5,292.1884,7.475,796.5,289.9551,7.475,796.5,291.1794,7.475,796.5,292.7927,7.475
2094,790.7554733,4.054242709,,,9.541897,,,,,,,,1.8840703,,,4.906124087,1133.110274,291.5276,5.536364087,1022.187563,290.9349,4.985200099,,,,,,,,,,,290.6344,5.536364087,1133.110274,291.09,5.536364087,1133.110274,290.7838,5.536364087,1133.110274,290.879,5.536364087,1133.110274,290.7155,5.536364087,1133.110274,290.8806,5.536364087,901.3835783,293.3816,4.985200099,,,,,,805,292.0373,7.56,805,290.6762,7.56,805,292.2149,7.56,805,289.9682,7.56,805,291.31,7.56,805,292.6511,7.56
2095,796.2162067,4.083198091,,,9.6103925,,,,,,,,1.909301775,,,4.953298357,1144.441377,291.6347,5.589598357,1031.387251,290.9998,5.033134715,,,,,,,,,,,290.6463,5.589598357,1144.441377,290.9917,5.589598357,1144.441377,290.9542,5.589598357,1144.441377,290.9563,5.589598357,1144.441377,290.9034,5.589598357,1144.441377,290.8956,5.589598357,909.4960305,293.5115,5.033134715,,,,,,813.5,292.0212,7.645,813.5,290.7361,7.645,813.5,292.2799,7.645,813.5,289.9255,7.645,813.5,291.2926,7.645,813.5,292.7549,7.645
2096,801.67694,4.112153473,,,9.678888,,,,,,,,1.93453325,,,5.000472627,1155.885791,291.7636,5.642832627,1040.669736,291.1206,5.081069332,,,,,,,,,,,290.8777,5.642832627,1155.885791,291.1598,5.642832627,1155.885791,291.0554,5.642832627,1155.885791,290.9893,5.642832627,1155.885791,290.8159,5.642832627,1155.885791,290.9183,5.642832627,917.6814948,293.5962,5.081069332,,,,,,822,292.0883,7.73,822,290.6347,7.73,822,292.3602,7.73,822,289.9459,7.73,822,291.3221,7.73,822,292.8049,7.73
2097,808.748955,4.141108855,,,9.7473835,,,,,,,,1.959764725,,,5.047646897,1167.444648,291.7622,5.696066897,1050.035764,291.0813,5.129003948,,,,,,,,,,,290.8925,5.696066897,1167.444648,-999,5.696066897,1167.444648,291.0879,5.696066897,1167.444648,291.048,5.696066897,1167.444648,291.1008,5.696066897,1167.444648,290.7165,5.696066897,925.9406282,293.5808,5.129003948,,,,,,830.5,292.0155,7.815,830.5,290.9781,7.815,830.5,292.3965,7.815,830.5,290.0138,7.815,830.5,291.3767,7.815,830.5,292.8633,7.815
2098,815.82097,4.170064236,,,9.815879,,,,,,,,1.9849962,,,5.094821167,1179.119095,291.7165,5.749301167,1059.486086,291.1068,5.176938564,,,,,,,,,,,290.5928,5.749301167,1179.119095,290.8803,5.749301167,1179.119095,291.0871,5.749301167,1179.119095,291.2146,5.749301167,1179.119095,291.1239,5.749301167,1179.119095,290.8972,5.749301167,934.2740939,293.624,5.176938564,,,,,,839,292.2239,7.9,839,291.1835,7.9,839,292.3586,7.9,839,289.9888,7.9,839,291.5278,7.9,839,292.9437,7.9
2099,822.892985,4.199019618,,,9.8843745,,,,,,,,2.0055976,,,5.141995437,1190.910286,291.7069,5.802535437,1069.021461,291.1019,5.224873181,,,,,,,,,,,290.6188,5.802535437,1190.910286,291.0811,5.802535437,1190.910286,291.204,5.802535437,1190.910286,291.0952,5.802535437,1190.910286,291.05,5.802535437,1190.910286,290.9918,5.802535437,942.6825607,293.5876,5.224873181,,,,,,847.5,292.077,7.985,847.5,290.9007,7.985,847.5,292.3651,7.985,847.5,290.064,7.985,847.5,291.6561,7.985,847.5,293.0891,7.985
2100,829.965,4.227975,,,9.95287,,,,,,,,2.026199,,,5.189169707,,,,1078.642654,291.2066,5.272807797,,,,,,,,,,,,,,,,,,,,,,,,,,,,,,,,,,,,856,292.2109,8.07,,,,856,292.423,8.07,,,,856,291.6559,8.07,856,293.049,8.07